,0,0.00001,0.00002,0.00003,0.00004,0.00005,0.00006,0.00007,0.00008,0.00009,0.0001,0.00011,0.00012,0.00013,0.00014,0.00015,0.00016,0.00017,0.00018,0.00019,0.0002,0.00021,0.00022,0.00023,0.00024,0.00025,0.00026,0.00027,0.00028,0.00029,0.0003,0.00031,0.00032,0.00033,0.00034,0.00035,0.00036,0.00037,0.00038,0.00039,0.0004,0.00041,0.00042,0.00043,0.00044,0.00045,0.00046,0.00047,0.00048,0.00049,0.0005,0.00051,0.00052,0.00053,0.00054,0.00055,0.00056,0.00057,0.00058,0.00059,0.0006,0.00061,0.00062,0.00063,0.00064,0.00065,0.00066,0.00067,0.00068,0.00069,0.0007,0.00071,0.00072,0.00073,0.00074,0.00075,0.00076,0.00077,0.00078,0.00079,0.0008,0.00081,0.00082,0.00083,0.00084,0.00085,0.00086,0.00087,0.00088,0.00089,0.0009,0.00091,0.00092,0.00093,0.00094,0.00095,0.00096,0.00097,0.00098,0.00099
1,0.41607654,0.290345164,0.337403485,0.288477432,0.299353008,0.3528605,0.354841762,0.3169335,0.363508408,0.383663442,0.357398602,0.319601428,0.270293283,0.379129612,0.413128452,0.323023774,0.330721152,0.387064425,0.333636891,0.309693899,0.347577136,0.334084903,0.382215644,0.316739402,0.320516373,0.35041963,0.31165624,0.289269692,0.346105533,0.389458907,0.328274789,0.379727775,0.29739433,0.339185156,0.328077029,0.304502091,0.335187841,0.282517777,0.337614063,0.313271279,0.381928159,0.288872951,0.270842616,0.282152165,0.311807611,0.346771447,0.3618305,0.337143468,0.317756279,0.383117771,0.312930082,0.292229988,0.328499405,0.35841731,0.28961211,0.343955809,0.306251412,0.314238716,0.300237434,0.376534928,0.372304453,0.340455947,0.364978179,0.324708396,0.363942381,0.357557909,0.302086856,0.325312662,0.339582507,0.379702139,0.286795862,0.360520035,0.327439192,0.290537431,0.328531755,0.327810297,0.380031129,0.290170599,0.330177923,0.265426801,0.400730003,0.345684378,0.334125797,0.340885647,0.305225379,0.276119266,0.303118381,0.327426374,0.358418531,0.28830958,0.284031495,0.331662954,0.314694662,0.329922788,0.333904843,0.36949675,0.307992187,0.354333323,0.305811945,0.366092105
2,0.345835749,0.333078402,0.312994781,0.312224494,0.278945891,0.29305826,0.326872158,0.36253853,0.298059633,0.338588214,0.429416181,0.303671987,0.282766198,0.376940825,0.319700308,0.371348003,0.344060183,0.297977233,0.278635823,0.312480239,0.306371044,0.309998474,0.331551256,0.35155736,0.325090487,0.342558672,0.366475417,0.236657613,0.336375011,0.37810297,0.344254891,0.333386639,0.328385266,0.390444655,0.324888455,0.358029725,0.400174566,0.310284127,0.30489639,0.301387371,0.303707389,0.396231574,0.340628071,0.345133824,0.309371014,0.33526719,0.358637654,0.336212653,0.296008179,0.360455336,0.343861202,0.387144383,0.372381359,0.30801294,0.29973693,0.338909269,0.302481155,0.374722739,0.353945128,0.381802423,0.324562517,0.283483993,0.322320628,0.336972564,0.395627918,0.339943236,0.328966338,0.333384808,0.288348033,0.372049928,0.360966826,0.335948973,0.369061556,0.280862453,0.269394818,0.378489944,0.320442518,0.316029542,0.396360363,0.371378521,0.317150792,0.381110263,0.355409406,0.355622425,0.32667745,0.326472976,0.409839778,0.273691214,0.338075503,0.36412183,0.288489639,0.354336375,0.340440687,0.338212836,0.31389874,0.275851924,0.298695639,0.318635212,0.282754601,0.226748253
3,0.343458358,0.309264809,0.309602954,0.33386578,0.344928739,0.347400739,0.298754845,0.326020692,0.324370251,0.383051851,0.38718833,0.365437788,0.3151854,0.337222205,0.325169836,0.351916257,0.337797784,0.26321543,0.33853328,0.359794916,0.354003723,0.352403333,0.321768242,0.278394116,0.254419996,0.37960387,0.332526017,0.324091311,0.326675008,0.296589862,0.296978057,0.34758507,0.294252144,0.359133274,0.333785821,0.278008972,0.342035585,0.351504868,0.305746635,0.269567553,0.408232063,0.340740379,0.341370281,0.384354381,0.313287149,0.302616657,0.313721732,0.318146916,0.315442366,0.373155309,0.279429914,0.346155583,0.317601856,0.332982574,0.378716392,0.379287698,0.297380902,0.384533219,0.338996551,0.316516617,0.300622578,0.369235511,0.321200598,0.31676809,0.343173315,0.227685171,0.281328776,0.311379742,0.312732322,0.29140904,0.409368572,0.310384228,0.397783746,0.346739708,0.365706351,0.284617451,0.354586627,0.316984771,0.345323038,0.320116581,0.333967711,0.327167577,0.281737724,0.404197516,0.341054109,0.305077059,0.292214728,0.335143284,0.321304361,0.345872982,0.363671377,0.316832179,0.420490738,0.343820307,0.269301431,0.324185919,0.292371593,0.362784509,0.3437434,0.326887417
4,0.348498795,0.374001282,0.319750969,0.359577624,0.342826624,0.296971343,0.393465987,0.34278695,0.31046907,0.362708213,0.306228828,0.344103519,0.286516923,0.319981689,0.301035188,0.391707511,0.366007874,0.30362804,0.344734031,0.419238868,0.289460128,0.327796258,0.360533464,0.347167577,0.320535295,0.374149602,0.346799524,0.354110538,0.366095767,0.344170049,0.287508774,0.279684439,0.361456343,0.387724845,0.328727683,0.312128056,0.319284036,0.326900235,0.393446455,0.308001953,0.329086581,0.342686239,0.39966979,0.284427625,0.380618915,0.347543565,0.329477828,0.331094089,0.37122898,0.328178961,0.363670766,0.340699484,0.366961882,0.357025666,0.343882565,0.346900845,0.34268746,0.318884243,0.342559893,0.340677511,0.3317893,0.320003052,0.279179663,0.330251778,0.27805353,0.258657186,0.399393292,0.31404767,0.320908841,0.355856197,0.29327311,0.391760613,0.318502152,0.355084689,0.330301828,0.329446089,0.390375683,0.303024384,0.288650166,0.391639149,0.345496384,0.3377575,0.337341838,0.332554704,0.403415021,0.380441298,0.307488632,0.361359905,0.351321757,0.34003296,0.290833461,0.340224006,0.336639302,0.318926359,0.360040895,0.346443678,0.252463759,0.420825831,0.325735649,0.343736686
5,0.355388043,0.324611347,0.364244514,0.323217261,0.295833613,0.38189581,0.329617603,0.391222266,0.349129917,0.407599719,0.3867922,0.325535447,0.350589923,0.339512314,0.353453169,0.352649312,0.293611866,0.347889035,0.27904355,0.318135319,0.299731437,0.318951994,0.35060091,0.335585192,0.375841548,0.320852077,0.319669179,0.334611652,0.340561541,0.360183721,0.33620777,0.325684988,0.336742454,0.350283517,0.315177465,0.320594501,0.395605945,0.276857204,0.288489639,0.300327158,0.335066988,0.283217872,0.408283334,0.337545702,0.330816981,0.375084689,0.330250557,0.326247139,0.275831172,0.293408002,0.359315775,0.274963836,0.339596545,0.358930021,0.372956938,0.326860561,0.308965728,0.456989044,0.305826594,0.339002655,0.335298318,0.346076235,0.359190039,0.262116153,0.289978332,0.320925932,0.321989807,0.364321421,0.409700003,0.349383221,0.386894131,0.354545732,0.310242012,0.301051058,0.362808924,0.283995483,0.351315043,0.292181158,0.331472518,0.407049776,0.386863613,0.322642293,0.299601428,0.274873501,0.274107486,0.254924772,0.318571123,0.349803156,0.333556322,0.319132664,0.314408399,0.340046999,0.315326396,0.259926145,0.309527268,0.354784997,0.30239082,0.331054415,0.357034211,0.391322977
6,0.363350932,0.347474593,0.371912595,0.324456313,0.307097995,0.368526261,0.306200751,0.377404096,0.330448927,0.334310129,0.347470931,0.273447066,0.357093417,0.327649159,0.289149449,0.303783685,0.311091647,0.334868007,0.304636982,0.359652089,0.347682119,0.307599719,0.300014039,0.355594348,0.335176855,0.360974151,0.317430952,0.343319193,0.294300974,0.333722953,0.379487289,0.291250954,0.367805414,0.389749443,0.324294565,0.309706107,0.394483474,0.337102573,0.389485153,0.29619068,0.298966643,0.340808741,0.37892758,0.345222327,0.363818476,0.27760979,0.311897336,0.267414777,0.310401929,0.377315592,0.351844844,0.324500259,0.309747002,0.359132664,0.281928159,0.374495071,0.306654866,0.337548143,0.328597675,0.353350627,0.295833613,0.348587909,0.317810602,0.286363109,0.3887228,0.341706595,0.332522965,0.281078524,0.304041261,0.299292581,0.315520493,0.353558153,0.320896634,0.400811792,0.308236335,0.358115177,0.331099582,0.342894375,0.313924375,0.3649794,0.294609821,0.285066073,0.324272591,0.326257515,0.329090854,0.314540849,0.327862789,0.323646962,0.405695364,0.350176092,0.363203223,0.344455092,0.395699332,0.318255562,0.320663472,0.333194983,0.324339122,0.290566729,0.360410779,0.328321787
7,0.334592731,0.313879208,0.33159093,0.335966674,0.381164586,0.342158879,0.330327464,0.370810266,0.374055605,0.41406415,0.306600543,0.344488662,0.322036195,0.399320658,0.301530808,0.331857051,0.385170446,0.340357677,0.391367534,0.358678549,0.354321726,0.367198096,0.342305368,0.333196814,0.333232826,0.367730949,0.375113376,0.303230079,0.363365581,0.399750359,0.37060091,0.345600147,0.345625782,0.348694723,0.349223304,0.330247505,0.335340434,0.340175787,0.315706046,0.243043916,0.322543413,0.340894192,0.327643666,0.34781457,0.302286447,0.311743522,0.300861843,0.385285196,0.272244636,0.328816187,0.286054262,0.329677419,0.428785669,0.361575976,0.302149724,0.377721488,0.333053377,0.327904904,0.330443434,0.350303049,0.368521378,0.34153325,0.353923765,0.382118595,0.375492416,0.321141392,0.333469039,0.357301553,0.337421796,0.316688131,0.280153813,0.318146916,0.333344524,0.334225288,0.305847346,0.329741508,0.324919584,0.396492203,0.39935606,0.315843989,0.334003723,0.338424024,0.345192419,0.315278787,0.363457747,0.384450819,0.369228187,0.3311948,0.399129002,0.305370647,0.320476089,0.321276284,0.271966918,0.302051454,0.306787927,0.295264138,0.382631916,0.327559435,0.41454268,0.351678823
8,0.357004914,0.33513535,0.344887845,0.323035371,0.277455367,0.339926145,0.335041353,0.318242744,0.325850398,0.305992004,0.311679434,0.331698965,0.370270699,0.320267342,0.284113285,0.369148228,0.319825434,0.291037935,0.321754204,0.349313639,0.363863033,0.311852779,0.306316721,0.333238319,0.293700369,0.34009949,0.2982519,0.35525132,0.328724021,0.330050356,0.289219031,0.252973418,0.325379803,0.346615803,0.329004791,0.288635517,0.336035646,0.358580889,0.333857234,0.332557146,0.33526841,0.326892911,0.392675558,0.333955504,0.309392377,0.343057955,0.316947539,0.327758416,0.298140812,0.339156468,0.34496353,0.350331126,0.376151006,0.30438612,0.301296426,0.323235572,0.383664052,0.368275399,0.297156285,0.325106357,0.308974883,0.387578356,0.394795373,0.313271889,0.277581713,0.363518174,0.373149815,0.34384228,0.329806818,0.343432722,0.343385113,0.279821162,0.380943632,0.39795465,0.358920866,0.365888852,0.332622456,0.354136784,0.344177984,0.35089877,0.343919797,0.337522507,0.34461684,0.316249275,0.361308634,0.322771081,0.319987793,0.252742088,0.310068667,0.32847499,0.3411713,0.371839351,0.363752556,0.33462447,0.307707755,0.261014435,0.342936491,0.341677297,0.336655782,0.308740501
9,0.375753655,0.322174749,0.363189184,0.346905118,0.295507675,0.323850826,0.312001709,0.37358562,0.367471542,0.289196448,0.402009339,0.368349254,0.338216498,0.328511002,0.310091861,0.333100375,0.349311197,0.347661977,0.255850704,0.321301309,0.4222425,0.286739097,0.394018983,0.328163701,0.30901883,0.287976318,0.336072878,0.357065951,0.413922544,0.322063051,0.367021699,0.354592731,0.331628773,0.377409589,0.331770989,0.315878781,0.316873684,0.414899136,0.363368633,0.318200629,0.318646809,0.321429487,0.341291543,0.398146306,0.346527909,0.296408582,0.33068392,0.329856868,0.342551347,0.355640126,0.269575488,0.345545213,0.349750053,0.306544389,0.357617725,0.356579486,0.276776025,0.284267098,0.346999115,0.336926176,0.384074831,0.294050722,0.323584704,0.360136723,0.318141423,0.378129826,0.365583667,0.326129337,0.281297037,0.277261269,0.279912107,0.328037355,0.306946623,0.372552873,0.289577929,0.380667135,0.327175512,0.339228492,0.342598956,0.336400647,0.3157622,0.315756096,0.341037629,0.351597644,0.390820643,0.24121952,0.32321482,0.351249123,0.395315409,0.315738395,0.356715598,0.33747673,0.32225959,0.318225654,0.342707602,0.315098727,0.324823145,0.375450911,0.332297739,0.305108188
10,0.300755028,0.366651814,0.258496658,0.302990204,0.36539201,0.361397137,0.313607593,0.2774279,0.331264992,0.289635914,0.345070345,0.34179693,0.369609058,0.289251991,0.365716117,0.370270089,0.356123539,0.320467544,0.367392193,0.351288797,0.359880367,0.33182104,0.424246345,0.344159673,0.353576464,0.318398999,0.342182073,0.356067995,0.348354137,0.400473037,0.330001526,0.320382092,0.328385876,0.31922422,0.389673757,0.384314097,0.318408155,0.365340739,0.340300913,0.319611194,0.271802728,0.310138249,0.316891385,0.294388257,0.335392926,0.355851314,0.352212897,0.398504593,0.306443068,0.341377606,0.366246529,0.400682394,0.334556108,0.29754387,0.330112613,0.31937315,0.323424177,0.362247993,0.349354534,0.294732505,0.375888546,0.357407758,0.317347331,0.319237037,0.313657643,0.334543291,0.323812983,0.316113163,0.317783136,0.357203894,0.362749107,0.264506974,0.340103763,0.356979278,0.329164098,0.310869472,0.339720451,0.376265145,0.342207099,0.287191992,0.315655995,0.301259194,0.291561022,0.372569353,0.327225562,0.356209601,0.320775781,0.332391736,0.291684927,0.313154698,0.362907193,0.383146458,0.375869015,0.393035066,0.312329478,0.320522477,0.369607837,0.317894223,0.34807825,0.385996887
11,0.299534898,0.356476943,0.343068941,0.317029328,0.323436384,0.345810114,0.324604633,0.332026734,0.332197638,0.367824336,0.350110782,0.311501816,0.37421308,0.284117557,0.345748466,0.287392193,0.358154851,0.370693686,0.293396405,0.299458602,0.374791711,0.3849794,0.325482345,0.356724143,0.317704398,0.34027955,0.338090762,0.276996368,0.332034059,0.404472793,0.378745689,0.325987732,0.333342082,0.315744499,0.345180212,0.347217017,0.36981109,0.313370769,0.276747948,0.328349254,0.340500504,0.304850612,0.343131199,0.34027955,0.361624805,0.31445967,0.349064608,0.374777673,0.305551927,0.374073916,0.346635334,0.370408643,0.329338054,0.351543321,0.345570238,0.274537187,0.294355297,0.256510514,0.354703208,0.355320292,0.335740837,0.330343333,0.304284188,0.30305063,0.365841853,0.408484146,0.408337657,0.295173803,0.365885189,0.322907804,0.316183355,0.282760094,0.323114109,0.432812281,0.323699454,0.325290689,0.371279641,0.367362896,0.274501785,0.32751793,0.322743614,0.306253853,0.28966216,0.319263894,0.342515946,0.27408124,0.363986938,0.364675436,0.279163793,0.346966765,0.314620808,0.350608844,0.385893735,0.348172247,0.453411664,0.33172216,0.297810602,0.348283334,0.271366314,0.348146001
12,0.395533921,0.347702872,0.330268258,0.345363933,0.311570788,0.338115177,0.32646382,0.322938322,0.310348827,0.329983825,0.297448653,0.398765832,0.332278207,0.355314188,0.33830195,0.312067019,0.335447859,0.330091861,0.357656789,0.267300638,0.331111789,0.281999573,0.303204444,0.343862423,0.338052309,0.315123142,0.364323252,0.346731163,0.398170721,0.330487381,0.387593616,0.275348979,0.329338664,0.329522996,0.310377514,0.307305521,0.301129185,0.347622303,0.32717185,0.33261391,0.283713492,0.32149968,0.361267739,0.301769463,0.36893582,0.370079043,0.336303598,0.34227546,0.306886197,0.266432691,0.288680075,0.289007843,0.319084445,0.329952086,0.336439711,0.341068148,0.310840175,0.291633656,0.321578417,0.337735527,0.366997894,0.318320261,0.323790399,0.356247444,0.34080813,0.333159581,0.385525071,0.369817805,0.308003784,0.327904904,0.37437727,0.337369305,0.290802942,0.386123844,0.334899747,0.326999725,0.344672994,0.309465621,0.393971984,0.332742088,0.342838221,0.298358104,0.326646931,0.427969604,0.389099399,0.357240516,0.369631031,0.330660115,0.337414472,0.263258156,0.397619556,0.298402051,0.376568499,0.357463912,0.359597156,0.333226112,0.314866176,0.350183416,0.376160772,0.35973632
13,0.324485,0.317653127,0.365356609,0.321363567,0.3268923,0.317940611,0.341495407,0.319703971,0.236915189,0.305092319,0.315386822,0.284273202,0.354926603,0.427451399,0.308349864,0.355164037,0.334492019,0.258558306,0.345528733,0.360271004,0.266131169,0.3424073,0.309633473,0.276658223,0.351859493,0.324558855,0.320567644,0.298550981,0.365976135,0.320992462,0.356258431,0.273541673,0.297108066,0.303603626,0.328289438,0.309541917,0.355587634,0.27251381,0.290586871,0.304029664,0.333452559,0.378236641,0.34103885,0.278936735,0.341453902,0.311269265,0.349601123,0.291643422,0.337314371,0.38870571,0.371499985,0.262273019,0.34799646,0.351745354,0.320839259,0.309877621,0.288743553,0.342070376,0.352952666,0.355734123,0.321997742,0.300216071,0.374378491,0.363217261,0.329654225,0.368663595,0.316004517,0.386571246,0.312429579,0.309846492,0.335524766,0.298882412,0.313219398,0.329031037,0.383416852,0.349175085,0.318052919,0.374247871,0.330738853,0.361113926,0.320684835,0.330646077,0.363204444,0.326534623,0.357025056,0.334720908,0.373664357,0.289056063,0.298151189,0.388026978,0.348207648,0.358231147,0.333490402,0.370000916,0.326998505,0.384294565,0.32384167,0.272598041,0.306501663,0.313992126
14,0.31355266,0.32049379,0.315089572,0.355585803,0.372872097,0.352013306,0.332012085,0.348650166,0.343735466,0.314108707,0.35620777,0.38001709,0.388403577,0.329112217,0.255265358,0.321807306,0.372845851,0.383740959,0.333465987,0.299301126,0.289473556,0.341600391,0.28100589,0.329125645,0.341816462,0.360649434,0.329178747,0.306499832,0.244795679,0.311720939,0.342084414,0.304035768,0.354421217,0.304033326,0.347748039,0.26797937,0.333991516,0.305419477,0.35363567,0.444110843,0.357408368,0.329302652,0.287894528,0.31180456,0.305702689,0.314487747,0.313184607,0.358887295,0.306859951,0.318823817,0.313362224,0.378629109,0.379649037,0.284622944,0.317607959,0.351380352,0.351135594,0.340889309,0.381709037,0.343617054,0.330591754,0.360551775,0.290001526,0.329538865,0.349953917,0.341806696,0.346042665,0.344971465,0.325463424,0.296058229,0.343894772,0.361766411,0.345550096,0.325316935,0.375665151,0.358106021,0.363822749,0.34687521,0.380944853,0.349558397,0.318820765,0.312142705,0.283580432,0.301867733,0.355290384,0.381745659,0.309382,0.341129795,0.274732505,0.363885617,0.380041505,0.317190466,0.367484359,0.322930998,0.33724723,0.371684927,0.397629322,0.349499802,0.265219886,0.278852504
15,0.315989868,0.331584216,0.350092471,0.37139256,0.336361583,0.381173742,0.323849605,0.343291726,0.35279458,0.332364269,0.297325968,0.363812983,0.331694083,0.349369793,0.316930448,0.363094577,0.313464156,0.356898709,0.325550707,0.318967254,0.324800562,0.339695425,0.352807398,0.332717673,0.350180364,0.376794336,0.377385785,0.311817377,0.364445937,0.349602954,0.332566912,0.332967925,0.419038057,0.296658834,0.346336863,0.320086673,0.330183416,0.365887021,0.278386181,0.316390881,0.452110355,0.36600177,0.346678671,0.324712668,0.339520249,0.357371136,0.347894528,0.295063936,0.394875942,0.298875088,0.293785211,0.285681936,0.29990173,0.360295419,0.33963683,0.32878872,0.390973846,0.32748497,0.31340495,0.371811274,0.242004456,0.330113834,0.376179693,0.332289193,0.285674612,0.384409314,0.31843318,0.340952178,0.373655812,0.288484146,0.384492325,0.336814478,0.380951567,0.356349986,0.335000458,0.322564776,0.333281045,0.416555681,0.347016205,0.309013947,0.368449965,0.3330253,0.322311472,0.282772912,0.365694754,0.339480575,0.283696402,0.349094516,0.321977599,0.391958373,0.257666555,0.334134343,0.40933134,0.262162542,0.381444746,0.351757561,0.368480483,0.384132817,0.311356548,0.354599445
16,0.352539445,0.272017579,0.27973571,0.30557329,0.316044191,0.376176031,0.339415876,0.322118595,0.315843989,0.322352977,0.358992889,0.362710654,0.311028779,0.385042879,0.379298685,0.343360088,0.326153142,0.327849971,0.315247658,0.364466079,0.340644551,0.392247078,0.296087527,0.305347453,0.306933805,0.377054964,0.28959624,0.276945708,0.305173498,0.305616627,0.33295877,0.343988769,0.322320628,0.338303171,0.365807062,0.346329539,0.311583606,0.289138463,0.317950987,0.307524644,0.331269875,0.386424146,0.343829463,0.294289377,0.397706839,0.309038972,0.391224097,0.351811274,0.314517045,0.3756798,0.283757439,0.339144871,0.341604663,0.319528184,0.308207648,0.292828761,0.272765282,0.307813349,0.334411451,0.377222816,0.367851802,0.332443617,0.344325694,0.271664785,0.292197028,0.366425977,0.312461928,0.351670278,0.355518052,0.360009156,0.318115787,0.339181494,0.316252937,0.325096591,0.321600391,0.333495285,0.316351207,0.37774102,0.321162755,0.314478591,0.296393933,0.302190008,0.333558153,0.352592547,0.304354991,0.271462752,0.338484451,0.304802393,0.315851314,0.372617573,0.264939726,0.336245003,0.311884518,0.382952971,0.319173559,0.274661702,0.28952971,0.293904233,0.325072176,0.271400494
17,0.30016419,0.347331767,0.312565691,0.3147734,0.287231056,0.333984802,0.35675161,0.331094089,0.307354961,0.342418897,0.345462813,0.310838954,0.344378796,0.39673452,0.338923917,0.308708152,0.349459517,0.3299588,0.296266366,0.296776635,0.275739616,0.34112186,0.37676809,0.287932981,0.374058046,0.362138737,0.291703848,0.372881253,0.35906064,0.319335917,0.274947356,0.331239967,0.357600024,0.395873898,0.311827143,0.333484909,0.351783807,0.264371471,0.283005463,0.351765496,0.287603992,0.299721671,0.365435347,0.388379772,0.38032899,0.377933897,0.351815546,0.270190741,0.32225837,0.334981536,0.341024201,0.31101413,0.31444319,0.288730735,0.331500595,0.360700705,0.336968902,0.375608387,0.374874111,0.337290567,0.361685232,0.284285409,0.268664205,0.413708915,0.372402722,0.318576006,0.323238624,0.28680868,0.290887783,0.303716544,0.309053011,0.353385418,0.291206397,0.398207953,0.323865474,0.312060305,0.317598193,0.329920957,0.298788415,0.272660299,0.339667348,0.313181555,0.292441176,0.3417304,0.331034272,0.378213447,0.351748405,0.350059511,0.354782556,0.393295084,0.350346385,0.328399915,0.317218543,0.342471389,0.340670187,0.322135685,0.366911832,0.363612171,0.314693442,0.319414655
18,0.264939726,0.352537614,0.313281045,0.33126194,0.372941679,0.29942259,0.322199164,0.263192847,0.346393017,0.345580004,0.295305643,0.339207129,0.300486465,0.312046266,0.318205512,0.301010163,0.323618885,0.330193793,0.308499405,0.335504013,0.364503311,0.337155065,0.377958922,0.313632008,0.33361919,0.352236091,0.304485611,0.328058718,0.336509293,0.358633381,0.289895932,0.298281808,0.330492874,0.33124424,0.383389386,0.332009644,0.292193365,0.307810297,0.325598926,0.331746574,0.352572405,0.38809595,0.338170721,0.415209204,0.342376782,0.269852596,0.312525407,0.335905026,0.344120609,0.327593616,0.302447585,0.388532975,0.362562334,0.353332926,0.352659078,0.356312143,0.376746117,0.294356517,0.347757195,0.306585894,0.376403089,0.375884884,0.312896512,0.35879635,0.321539354,0.309996033,0.344364147,0.31737846,0.296016724,0.398225654,0.29843318,0.268282724,0.333625904,0.341770684,0.308596454,0.324203009,0.331971801,0.384969024,0.363522446,0.364441054,0.294383984,0.288600116,0.348488418,0.373174841,0.282794885,0.285434736,0.397842341,0.355414289,0.378983734,0.362809534,0.293016144,0.395638295,0.313696097,0.314807581,0.304226814,0.340723289,0.3638258,0.343584704,0.366267281,0.401033967
19,0.374913785,0.309930723,0.368186895,0.308950469,0.309568774,0.336861477,0.303402203,0.325172277,0.350927458,0.381558275,0.354291818,0.36516129,0.336251717,0.349376507,0.375176244,0.368769799,0.331709342,0.298945891,0.325039216,0.351600086,0.314752037,0.369615772,0.356509903,0.312008423,0.371225929,0.354253365,0.386387524,0.323428449,0.305088046,0.296597186,0.317504807,0.331883908,0.322929777,0.304483169,0.394352245,0.368255257,0.342367016,0.261431929,0.383481552,0.379385357,0.332024293,0.35929075,0.358221381,0.276259652,0.273805963,0.312766503,0.319725333,0.281090121,0.307442854,0.343024384,0.299018525,0.333196814,0.294794763,0.321580859,0.319186987,0.359767449,0.316464736,0.318831141,0.279722282,0.327984252,0.331550035,0.289906919,0.316584368,0.354126408,0.254949797,0.324331187,0.286136662,0.338959929,0.350728477,0.275196997,0.316541032,0.314357128,0.243484603,0.326437574,0.299363994,0.305274819,0.315197607,0.317336955,0.331498764,0.342197333,0.329016388,0.330267037,0.345263833,0.344811548,0.365208899,0.376188238,0.337754448,0.319308451,0.329103061,0.383823359,0.337994324,0.362352977,0.29263039,0.329128697,0.266128727,0.295591907,0.400272836,0.395358135,0.334679403,0.292005371
20,0.398198798,0.366020692,0.285484787,0.352998444,0.327444075,0.300801416,0.368015992,0.256647847,0.346124455,0.308000732,0.326668294,0.328957793,0.347775506,0.332302011,0.357053133,0.361317179,0.298953215,0.319886471,0.388363292,0.321539354,0.321118198,0.370398877,0.409202551,0.334187445,0.325067293,0.318857387,0.330819422,0.372651753,0.326645711,0.332206793,0.386576128,0.378503372,0.334698325,0.318926969,0.378605915,0.319138157,0.306624348,0.327817011,0.353558763,0.382881558,0.312636494,0.334434034,0.376144292,0.356552629,0.27591052,0.368554338,0.323946654,0.360151982,0.329795221,0.282483596,0.333452559,0.297989441,0.337056185,0.269974059,0.320737327,0.407844478,0.284444716,0.354053774,0.383278298,0.312759178,0.301580859,0.324124271,0.253339641,0.318558916,0.356830348,0.372484512,0.270491653,0.422081973,0.331074557,0.310301828,0.304885403,0.288544572,0.307541734,0.330992157,0.33722953,0.336995758,0.338001038,0.293036287,0.329500412,0.340222785,0.347850581,0.382385327,0.350166326,0.309339274,0.346482131,0.322417066,0.328188116,0.318436842,0.286671346,0.312572405,0.363674429,0.289106723,0.324790796,0.348355358,0.280142216,0.271325419,0.354929655,0.343867306,0.334053163,0.389405805
21,0.348888211,0.281046785,0.438303171,0.325339518,0.330929899,0.327934813,0.354490188,0.29472335,0.315781732,0.349670705,0.352485733,0.321857357,0.347132786,0.310294504,0.379616688,0.351394391,0.329836726,0.273514817,0.391222877,0.326059145,0.339596545,0.323702506,0.413938414,0.297089145,0.355281838,0.308627583,0.376891995,0.391417585,0.334435255,0.338982513,0.260244758,0.367508164,0.388152104,0.335791498,0.384373913,0.341337932,0.345313883,0.368482925,0.320432142,0.300713523,0.358659017,0.293076571,0.409880062,0.37922483,0.393335368,0.293161412,0.372034059,0.273779107,0.322628864,0.314223457,0.346610309,0.350425733,0.323819086,0.367533189,0.333361614,0.37165746,0.339766839,0.370641194,0.358215888,0.253417158,0.322558062,0.318059633,0.334675131,0.327712027,0.314819178,0.34031251,0.298558306,0.319500107,0.394456618,0.3317069,0.331285134,0.343695792,0.370989105,0.345905942,0.273486129,0.354897305,0.373852962,0.311908322,0.314588458,0.279515976,0.342963958,0.335183569,0.4131901,0.365618458,0.356172369,0.331053804,0.368594012,0.330350047,0.405843074,0.376199225,0.341832942,0.359135716,0.33165746,0.376464126,0.32733787,0.275030976,0.381650441,0.310440993,0.350797449,0.357835017
22,0.347248756,0.299410993,0.310614338,0.28158208,0.333552049,0.391092868,0.330538652,0.384458754,0.355356914,0.361414228,0.358204291,0.285642262,0.303925901,0.287737663,0.376566057,0.297605518,0.329717704,0.323451033,0.352612079,0.406756188,0.337120273,0.333439741,0.345145421,0.39257973,0.335095676,0.270972015,0.276581927,0.367702872,0.338484451,0.3793231,0.341482589,0.346269723,0.298325144,0.31782342,0.37851558,0.339695425,0.389004791,0.301601611,0.309735405,0.343321635,0.303876461,0.353462935,0.398084048,0.330491043,0.304490494,0.369781793,0.302593463,0.333231605,0.29675222,0.33162389,0.289542528,0.325989563,0.313544115,0.350692465,0.335805536,0.381358684,0.321951354,0.316782739,0.305775323,0.341551561,0.348327891,0.293177282,0.298743858,0.402760094,0.341507004,0.303662221,0.293771172,0.309712211,0.321226234,0.314969329,0.279840693,0.396078372,0.268285165,0.342553789,0.340224616,0.304279916,0.348316294,0.330287179,0.373464156,0.318740806,0.349700613,0.338514359,0.310303049,0.344857936,0.318659017,0.347516099,0.359216895,0.291731925,0.36529252,0.32896878,0.348706931,0.303663442,0.320600604,0.331494491,0.325851619,0.399781488,0.25231727,0.333705863,0.299264504,0.337792291
23,0.36034608,0.303493149,0.288998077,0.346208075,0.281618091,0.325113071,0.324058962,0.332703635,0.335715201,0.305821711,0.384185308,0.303950926,0.367845088,0.305136876,0.366078066,0.348023316,0.338390454,0.345625782,0.334764245,0.324555193,0.292774438,0.345615406,0.30750145,0.322210761,0.371746574,0.285179601,0.257670217,0.346267281,0.327854854,0.336347545,0.310942106,0.350712607,0.330312815,0.310916471,0.294109928,0.339515366,0.36933256,0.326521195,0.362990814,0.312839747,0.336467788,0.339941405,0.298909879,0.33178808,0.426654866,0.271990112,0.322493362,0.298019959,0.308622089,0.407672964,0.333160192,0.340868557,0.333616138,0.326844081,0.352721946,0.325384686,0.360180059,0.349206824,0.352510758,0.347069918,0.357868587,0.358621784,0.367278054,0.367051607,0.315471053,0.364777978,0.348946806,0.367000946,0.283500473,0.329305704,0.357036042,0.360376598,0.311860714,0.343563341,0.356620991,0.383401593,0.366288034,0.305752129,0.335870846,0.300565813,0.306026795,0.356437269,0.372891018,0.347447737,0.355829341,0.308636128,0.310182196,0.35615833,0.290243233,0.336798608,0.305525681,0.279464705,0.336855983,0.338270821,0.305244911,0.354675131,0.297829524,0.316532487,0.343968017,0.307346416
24,0.326788537,0.369490036,0.411225318,0.304033937,0.345735649,0.308003174,0.361242714,0.338736534,0.307701041,0.341460616,0.344379406,0.394833827,0.336155278,0.315699942,0.29734611,0.359212623,0.344163335,0.318304392,0.380117191,0.359793695,0.334061098,0.305732597,0.323689077,0.329963073,0.371470687,0.35662038,0.30240791,0.335604724,0.325182043,0.325529954,0.352452773,0.318545488,0.29248146,0.345390179,0.33398175,0.380546892,0.294947966,0.316195563,0.372438124,0.320308237,0.292094485,0.373326212,0.348258309,0.285252846,0.334733726,0.409048128,0.394247261,0.268284555,0.320038453,0.300976592,0.307454451,0.355832392,0.364734642,0.348270516,0.276426893,0.323619495,0.308572649,0.356364025,0.346037172,0.273434248,0.33088168,0.329989319,0.337098911,0.331081271,0.308277841,0.299327982,0.439049654,0.355233009,0.385512253,0.308684957,0.286405835,0.289680471,0.293017975,0.35828547,0.314125187,0.298868374,0.34803003,0.346913053,0.35279519,0.303953978,0.288089236,0.311484726,0.307976928,0.28037843,0.373585009,0.324471572,0.379574572,0.273567309,0.407673574,0.364002197,0.313739433,0.370711997,0.33538377,0.327052828,0.332571795,0.393867611,0.310951262,0.317852718,0.364555193,0.334003113
25,0.295395978,0.340893582,0.285063021,0.313055208,0.307540513,0.354123356,0.355966674,0.337949156,0.311669057,0.306186712,0.355375835,0.348480483,0.350201117,0.275553453,0.396156499,0.362244331,0.369556566,0.35874691,0.395735954,0.333006989,0.33015656,0.393534959,0.36377514,0.331374859,0.314138005,0.350575274,0.341651051,0.309305704,0.333461715,0.350890225,0.352469863,0.309935606,0.331301004,0.336199835,0.329144566,0.295402692,0.264290902,0.364920194,0.342503739,0.32581988,0.397099521,0.338248238,0.275229347,0.36006592,0.313805963,0.353549608,0.352815943,0.389271523,0.317052522,0.297234413,0.296447646,0.352672506,0.294283883,0.37556383,0.353375652,0.341307413,0.3032313,0.276976226,0.370278024,0.393022858,0.35370098,0.3083755,0.291930296,0.298366039,0.377071444,0.314232612,0.325097202,0.36842494,0.323616443,0.360893582,0.30273629,0.329552904,0.354900967,0.239468368,0.327257912,0.401226234,0.350464797,0.332842189,0.290391553,0.311764885,0.336170537,0.349424726,0.280821558,0.359746696,0.265092319,0.332230598,0.352104251,0.27610889,0.320687887,0.379820551,0.337944273,0.314025086,0.310556352,0.357666555,0.294764855,0.243177587,0.374554277,0.302247993,0.370627766,0.334065981
26,0.363482162,0.323206275,0.285186926,0.325088656,0.361881161,0.328391369,0.332081668,0.360205695,0.38737083,0.352040773,0.358641926,0.323817866,0.360883206,0.346740318,0.286305734,0.358090762,0.352889798,0.300595111,0.316332286,0.307454451,0.340828883,0.303734855,0.327965331,0.429927061,0.390666219,0.30774987,0.301635792,0.308744163,0.326889248,0.349797052,0.31683462,0.365874813,0.346674398,0.329115268,0.346064028,0.348449965,0.33581225,0.32093997,0.31981872,0.335554064,0.321273232,0.292458876,0.330906095,0.286570635,0.318338572,0.355236671,0.275801874,0.413839534,0.326728721,0.307724845,0.335330668,0.366143986,0.303048189,0.36276925,0.307351909,0.294965056,0.306221503,0.280488907,0.335862301,0.368695334,0.339915159,0.279434797,0.342534867,0.26390759,0.289676199,0.394449904,0.32252205,0.355107273,0.340124516,0.323664052,0.284414197,0.348981597,0.324784692,0.358328806,0.327843867,0.380185553,0.326838588,0.346641438,0.337234413,0.398857387,0.333773614,0.326895962,0.380640278,0.298314768,0.353987854,0.349635304,0.365587939,0.325398114,0.280053102,0.392869655,0.354488968,0.377014069,0.327363506,0.365730155,0.299866939,0.368093509,0.356563616,0.258091372,0.350266427,0.285198523
27,0.323722037,0.35038728,0.344264046,0.379368877,0.336226081,0.331134983,0.319938353,0.317888119,0.317103794,0.349717704,0.287092502,0.344734031,0.32997589,0.314679403,0.274717856,0.351199072,0.288417615,0.290572222,0.318279366,0.287185278,0.31381695,0.356514786,0.358100528,0.324696799,0.323570055,0.364163945,0.340618305,0.289606616,0.420648824,0.419642933,0.313631397,0.318503372,0.362399976,0.352938017,0.394513993,0.355904416,0.268316294,0.36100528,0.312963042,0.34666158,0.320805078,0.321937315,0.364186529,0.294910733,0.34717246,0.323189795,0.308785058,0.358380688,0.348131352,0.328960234,0.317830134,0.325982849,0.332443007,0.339066744,0.361339763,0.316254158,0.324156621,0.316505631,0.333111362,0.272952055,0.40799585,0.390649739,0.346850795,0.36499527,0.316220588,0.339211402,0.277696463,0.314419996,0.324239631,0.328218635,0.305825984,0.342072207,0.328829615,0.378239692,0.344597308,0.283723869,0.288633686,0.340505387,0.334399243,0.384514298,0.396509293,0.285006867,0.361035798,0.353408002,0.336360973,0.34001709,0.339744255,0.321795709,0.32791345,0.322709433,0.313807794,0.316621601,0.342253487,0.341768242,0.351675771,0.219809565,0.313775445,0.314268624,0.292048097,0.315660878
28,0.257686697,0.33810419,0.383665883,0.326035951,0.332438124,0.336481216,0.309887997,0.304026612,0.366758019,0.357076937,0.276364635,0.320289926,0.346386303,0.37393292,0.273583178,0.323189795,0.45154149,0.331208838,0.35671865,0.383257546,0.298341624,0.281831111,0.347950072,0.281408734,0.347164525,0.335352641,0.294540239,0.31028901,0.358923307,0.35564684,0.315156102,0.340614032,0.298612018,0.355347148,0.282788171,0.345998108,0.321290323,0.394479202,0.342586749,0.35785699,0.29696646,0.330729087,0.338270821,0.291801508,0.376198004,0.342854701,0.320877712,0.371233863,0.361685232,0.347817011,0.391433454,0.37404706,0.29980285,0.347467269,0.321874447,0.390133366,0.330314036,0.301666311,0.296792505,0.268504898,0.376398206,0.395872677,0.343350932,0.330557573,0.375991699,0.375741447,0.291265603,0.291999878,0.372215339,0.237778253,0.372965484,0.335933103,0.313548387,0.307306742,0.359349956,0.297087924,0.352574847,0.347396466,0.309444258,0.358814051,0.333274331,0.373258461,0.358316599,0.351865597,0.368873562,0.353045442,0.329421674,0.337199622,0.26624897,0.375048677,0.284469131,0.383499252,0.355212256,0.373630787,0.39416242,0.319973754,0.361878719,0.275973998,0.375430158,0.299495224
29,0.278347728,0.35366863,0.315453963,0.308832057,0.337733085,0.324181646,0.335386822,0.326310617,0.293770562,0.365649587,0.334668416,0.346178777,0.308984039,0.350984832,0.302939543,0.347973876,0.346405835,0.311825312,0.38136906,0.313014313,0.248599506,0.278378857,0.389980773,0.318657796,0.327669912,0.360864284,0.327299417,0.319773553,0.363263039,0.423479721,0.359113132,0.295618763,0.346989959,0.360419324,0.278015076,0.350484939,0.294306467,0.389205603,0.327367168,0.314681234,0.342158269,0.340324717,0.318800012,0.33507065,0.310682699,0.362734458,0.285929746,0.330419019,0.327087008,0.324621723,0.312015137,0.375280618,0.335571154,0.315557115,0.315109714,0.303629261,0.320002442,0.334458449,0.315079806,0.362702109,0.350297556,0.329136631,0.291917478,0.304768822,0.336830348,0.339902951,0.324574725,0.285241859,0.297153844,0.317556688,0.349072543,0.300021363,0.349789117,0.325180212,0.250656453,0.348417615,0.300700095,0.304313486,0.291535386,0.335836055,0.367712638,0.344245735,0.296556291,0.32433546,0.355697501,0.262603229,0.297935728,0.288938261,0.396451308,0.345764946,0.367490463,0.300488296,0.361734672,0.320003662,0.353291421,0.272935575,0.436591083,0.377900327,0.350198676,0.354227729
30,0.352504044,0.317137974,0.287256081,0.354285104,0.346152532,0.303427839,0.301406903,0.350868862,0.32898648,0.348387707,0.251138035,0.298405103,0.314522538,0.29617542,0.369420454,0.345197302,0.309680471,0.317770318,0.343958251,0.307705313,0.30103824,0.3115244,0.303135472,0.329380779,0.356089358,0.348468886,0.378535722,0.386764122,0.305635548,0.443640248,0.374752037,0.298081607,0.356588031,0.406982025,0.28163213,0.328802149,0.354176458,0.377763604,0.310942717,0.345695364,0.312667013,0.384164556,0.307777337,0.37408002,0.317728813,0.316793725,0.323699454,0.300627461,0.309156163,0.248968169,0.316231574,0.356034425,0.32832606,0.357935118,0.312049318,0.330907315,0.279633168,0.316832179,0.370598468,0.397703177,0.331087985,0.353276772,0.378122501,0.311764275,0.307036958,0.37050203,0.356538591,0.328995026,0.315171361,0.295101779,0.292290414,0.292239143,0.280924711,0.355007782,0.314307688,0.265582446,0.35065096,0.325927305,0.376926176,0.371288797,0.322686239,0.306860561,0.299628895,0.324475845,0.384248177,0.301767632,0.348135624,0.366944182,0.314785608,0.343944212,0.309131138,0.339649037,0.325089877,0.322437208,0.278243355,0.300730003,0.29258034,0.270813318,0.3027369,0.460903958
31,0.34023011,0.300980865,0.355956908,0.330026551,0.336295053,0.266717734,0.320128788,0.296667989,0.357965026,0.306843471,0.362287668,0.279087497,0.365090487,0.325169836,0.308341319,0.389499802,0.318518632,0.385371868,0.298390454,0.310779138,0.377533494,0.329686575,0.37739494,0.342294992,0.314561602,0.375999023,0.34822779,0.296486099,0.383319193,0.358489334,0.368586688,0.317471847,0.358513138,0.342075259,0.345056917,0.281491745,0.342410352,0.322988372,0.390616779,0.34460036,0.321406293,0.232153081,0.334620197,0.34652913,0.311317484,0.361679128,0.302449416,0.338226264,0.33386639,0.332808618,0.332622456,0.32245613,0.36099002,0.31884579,0.346620685,0.367867061,0.381372112,0.368729515,0.292892239,0.347729728,0.398226875,0.370419019,0.269673757,0.337231971,0.34337962,0.295419782,0.296056398,0.325929136,0.314297311,0.311766106,0.28753563,0.382913297,0.374935759,0.342074038,0.362279122,0.339578234,0.353643605,0.402223579,0.314556719,0.261008332,0.261635792,0.333002716,0.346039003,0.372826319,0.290723594,0.400416273,0.328439589,0.280729392,0.368889431,0.263223975,0.33033723,0.321298868,0.345174108,0.325164342,0.313732109,0.290310984,0.369683523,0.385154576,0.341955016,0.283649403
32,0.375709708,0.266253853,0.373345744,0.302016053,0.333714408,0.315905637,0.32781518,0.315990478,0.319944456,0.325472579,0.326903287,0.336779077,0.38506241,0.293806574,0.36525895,0.359609363,0.345785699,0.316942045,0.320139164,0.306190985,0.295854976,0.329082308,0.352388073,0.361007721,0.375362407,0.345448775,0.335347148,0.339858394,0.288833888,0.274098331,0.305096591,0.278479568,0.339550157,0.361004669,0.372447279,0.374590899,0.296724754,0.365112461,0.311033662,0.347019257,0.369696951,0.38710654,0.302002625,0.284475234,0.30892056,0.27713065,0.239481185,0.318427686,0.350326853,0.356310312,0.345376751,0.330332957,0.322257759,0.377134922,0.374914396,0.325833308,0.323192236,0.312426527,0.337784356,0.330764489,0.316163823,0.312394177,0.329941099,0.360447401,0.354133122,0.308478652,0.335269631,0.268758812,0.320267953,0.321624805,0.320531022,0.362794275,0.285214393,0.343368023,0.321360515,0.293299356,0.310826746,0.354508499,0.304355602,0.337813044,0.352971587,0.251037935,0.325007477,0.331395611,0.28011597,0.295677358,0.276681417,0.348487198,0.296427503,0.377437666,0.273202918,0.329527879,0.369359417,0.33422956,0.320596332,0.308545793,0.334332102,0.336808985,0.314123356,0.329125645
33,0.306408887,0.33427839,0.349676199,0.36069277,0.316462294,0.296775414,0.358887906,0.3240553,0.348973663,0.336200446,0.327140111,0.347215796,0.288412732,0.404519791,0.330340892,0.324725486,0.33676748,0.334069643,0.357775201,0.330490432,0.327103488,0.285642262,0.354539628,0.28766686,0.36288461,0.332624287,0.287586902,0.304893948,0.368525651,0.35241554,0.334847865,0.337205725,0.296655171,0.313740654,0.343752556,0.376918241,0.32593524,0.289225135,0.314911954,0.376024049,0.33495529,0.364142583,0.318073672,0.327849361,0.426884365,0.339233985,0.349922178,0.275440535,0.3242378,0.31737846,0.324240852,0.305598926,0.356711325,0.339359111,0.359401227,0.333176061,0.412964263,0.33431074,0.378820154,0.393103427,0.345320597,0.335051729,0.31289285,0.362957244,0.363585315,0.259727775,0.35195349,0.333877377,0.316655171,0.323156224,0.350892666,0.318574175,0.348877834,0.291698355,0.334071474,0.363046358,0.290232856,0.393591723,0.316445204,0.365335856,0.348503067,0.353052767,0.315718253,0.33023835,0.324734642,0.260169073,0.388250984,0.306601764,0.414142277,0.348305918,0.319173559,0.391636708,0.336914579,0.367219459,0.318942229,0.361886044,0.295541856,0.380772729,0.386383251,0.353279214
34,0.348531755,0.321856136,0.344843288,0.373769341,0.361861019,0.394354076,0.378435621,0.342303537,0.350560625,0.379820551,0.300922269,0.335124973,0.352163457,0.367675405,0.366800745,0.381386151,0.311708731,0.368712424,0.315179907,0.306259957,0.357191076,0.355212867,0.325195471,0.331019013,0.334351634,0.299633168,0.334955901,0.345727714,0.349361858,0.361717582,0.369090243,0.319140599,0.346767785,0.364281137,0.354258858,0.338702353,0.273892636,0.308731346,0.352817774,0.343581042,0.352115238,0.341480758,0.311950438,0.315884274,0.320450453,0.243892331,0.330633259,0.287284768,0.392340465,0.304787744,0.367043672,0.343979614,0.366118351,0.334880825,0.317643361,0.331433454,0.333597827,0.354009217,0.357151402,0.396942656,0.337017121,0.34903531,0.361333659,0.339221778,0.283139134,0.35388226,0.237049471,0.380328379,0.289385052,0.322171697,0.383963744,0.320053102,0.374485916,0.388019044,0.320416883,0.349316691,0.315441145,0.319113132,0.333874935,0.329241005,0.324076663,0.330343333,0.323409528,0.341926939,0.324277474,0.371362041,0.326441237,0.320843532,0.360056764,0.323270364,0.306680502,0.304751732,0.342399976,0.405870541,0.383563952,0.353681448,0.296738792,0.350357372,0.356425672,0.373906064
35,0.321371502,0.33914182,0.251998047,0.338775597,0.311095309,0.283762322,0.28385876,0.312255013,0.306104923,0.289145177,0.306122623,0.346918546,0.365114902,0.357786187,0.37948912,0.349413739,0.334726402,0.352638936,0.285559252,0.318902554,0.34491348,0.30802942,0.339251076,0.307311014,0.336179083,0.282614826,0.369536424,0.31018952,0.384116337,0.374869839,0.355128636,0.347707144,0.311412091,0.372684103,0.327379376,0.324009522,0.350695517,0.388402356,0.378437452,0.306312449,0.297737968,0.360917386,0.347676626,0.346041444,0.314919279,0.296028321,0.311291238,0.353934141,0.265022126,0.340568255,0.315339824,0.335198828,0.315640126,0.326475417,0.394269234,0.33172216,0.356797388,0.347697989,0.286307566,0.368616596,0.337667776,0.328069094,0.280189825,0.32727134,0.290282907,0.290821253,0.337429121,0.41724723,0.315572985,0.360200201,0.31357036,0.319907834,0.387013764,0.330587481,0.346791589,0.355917234,0.392858058,0.389580981,0.323723869,0.356650288,0.342113712,0.265417646,0.249417402,0.331168554,0.379364605,0.353213904,0.319959716,0.381892148,0.292063356,0.33632374,0.327116916,0.368356578,0.354713584,0.367179174,0.345633717,0.346310617,0.375670644,0.35005707,0.297004914,0.310890835
36,0.31371807,0.284215217,0.29722953,0.396276132,0.3530253,0.33276162,0.337016511,0.326667684,0.349425947,0.39262917,0.363324076,0.341360515,0.365806452,0.322037416,0.34512711,0.289557787,0.370867031,0.323877071,0.327853633,0.343430281,0.310481887,0.344708396,0.314560381,0.33782281,0.323836177,0.353027131,0.364958037,0.334062929,0.303997314,0.311163671,0.29165685,0.374717246,0.359310282,0.302998749,0.393071688,0.300629292,0.321271401,0.302930998,0.352986847,0.303797723,0.373575243,0.260773949,0.33632313,0.336147954,0.357274697,0.299143651,0.382273019,0.334552446,0.384032106,0.313375042,0.279052706,0.350187689,0.353254189,0.351061739,0.342334056,0.385310831,0.319055757,0.310546587,0.31266335,0.342899258,0.31691641,0.363780633,0.326839808,0.294127628,0.345337687,0.303325907,0.337463912,0.315427717,0.408066652,0.336371349,0.31111301,0.296162603,0.330263375,0.333248085,0.32016419,0.417582934,0.38725425,0.310093082,0.330575884,0.384633931,0.317958312,0.349955748,0.345813166,0.347929319,0.303221534,0.310745567,0.391946776,0.35422834,0.341977599,0.249828181,0.362072207,0.358603473,0.349252602,0.365368206,0.385982238,0.351225929,0.28616718,0.377145909,0.282923063,0.289238563
37,0.360061037,0.305202185,0.370005188,0.360352184,0.309559618,0.289059725,0.396379894,0.278691366,0.319054537,0.382232124,0.317007355,0.31348674,0.345684378,0.347948851,0.301613208,0.333567919,0.335470443,0.356458022,0.357061068,0.335411847,0.385016022,0.342147893,0.337738578,0.392939848,0.287991577,0.36799646,0.335999634,0.352552873,0.268534196,0.352576067,0.305759453,0.313436689,0.324489883,0.356201666,0.325219276,0.266277047,0.322432936,0.338373363,0.339426862,0.375753655,0.367016816,0.323835566,0.302251045,0.282200385,0.323905149,0.313738823,0.398723716,0.328089847,0.385675832,0.351840571,0.336666768,0.289041414,0.341982482,0.342136296,0.308321787,0.346818445,0.319737541,0.269521165,0.407644887,0.309848933,0.367495346,0.34375927,0.342821131,0.33083224,0.337549974,0.354759362,0.361624805,0.308944975,0.316127812,0.33559679,0.274673299,0.330607013,0.326523637,0.333282876,0.314407788,0.350068056,0.349279458,0.300161138,0.251594592,0.342830897,0.332074954,0.373114414,0.332175054,0.266785485,0.366017029,0.27117832,0.284716941,0.338165227,0.362277902,0.296661275,0.326092105,0.341578417,0.327410505,0.327775506,0.330017396,0.36661092,0.340177618,0.303484603,0.370103458,0.314409009
38,0.260936308,0.292079226,0.308280892,0.384469131,0.349862972,0.314572588,0.338117618,0.361920225,0.342140568,0.352724998,0.27765862,0.335768914,0.323925901,0.349627979,0.349986877,0.350984222,0.325432905,0.327972045,0.340701315,0.365038606,0.352012085,0.327475204,0.351537828,0.326919767,0.382614216,0.307883541,0.307958007,0.348713035,0.351111789,0.330501419,0.395885495,0.378402051,0.291156346,0.331155126,0.322019715,0.352189703,0.369948424,0.313566088,0.346638997,0.360534074,0.321819514,0.329143956,0.328103885,0.350572222,0.387959838,0.296277352,0.308963897,0.316938383,0.370705283,0.339634999,0.324509415,0.333251747,0.300583514,0.338929411,0.319598987,0.302995087,0.382993255,0.370408643,0.374899136,0.379353618,0.338392285,0.359688711,0.342959075,0.337794733,0.383738517,0.308327891,0.374810022,0.30105594,0.32478103,0.371127659,0.322288278,0.381752983,0.312986847,0.316579486,0.333789483,0.459695425,0.368717307,0.371120335,0.400983306,0.339508652,0.38865566,0.331434675,0.384840846,0.31157506,0.367035737,0.270769372,0.341751152,0.288890042,0.33752739,0.294315012,0.319866329,0.341218299,0.279100314,0.308105716,0.362273019,0.280254524,0.332867214,0.300021973,0.313038728,0.330195013
39,0.404740135,0.302302316,0.259866939,0.344107791,0.341765801,0.340753197,0.339684439,0.365500046,0.359443953,0.329320353,0.319514756,0.352785424,0.375601062,0.270511795,0.318524735,0.346554155,0.35759331,0.349643239,0.269372845,0.34520951,0.303675039,0.246143986,0.332908719,0.317653127,0.258848232,0.334103214,0.383794672,0.340195929,0.333713797,0.320068972,0.319837642,0.337270425,0.317277749,0.382116153,0.340340587,0.323397931,0.329234901,0.269469894,0.302846767,0.361416059,0.33009003,0.317593921,0.381023591,0.412710349,0.372067629,0.357032991,0.298828089,0.326993011,0.325791803,0.313106479,0.368678854,0.343941771,0.335222633,0.372167119,0.316094852,0.295373394,0.302272408,0.345260781,0.309063387,0.314573809,0.297097079,0.260999176,0.28354564,0.339639882,0.350062563,0.365092319,0.31488815,0.312302011,0.329121983,0.335269631,0.333554491,0.330736412,0.310279855,0.304205451,0.331532945,0.343538316,0.293821833,0.311240577,0.332369762,0.37528367,0.344485,0.322138737,0.395142064,0.33169042,0.254091617,0.298544267,0.327229835,0.264895169,0.354423658,0.277662282,0.340713523,0.334267403,0.316443983,0.356843776,0.326621906,0.387851802,0.255475936,0.302971282,0.350682089,0.311503647
40,0.324604633,0.305398114,0.313758965,0.324782861,0.311413923,0.375841548,0.378167669,0.316153447,0.33952208,0.305604419,0.419172948,0.304297617,0.334062929,0.323648183,0.348463393,0.352455214,0.34893582,0.319721671,0.334452956,0.352931913,0.357601245,0.345763115,0.360172124,0.337908261,0.319958495,0.354185003,0.365553758,0.351034883,0.319004486,0.307285989,0.352187262,0.33449263,0.35356914,0.336227912,0.334969329,0.360405286,0.361947691,0.375365459,0.302046571,0.298698691,0.321992859,0.347367168,0.279465316,0.294860073,0.379674673,0.316750389,0.369156163,0.342167425,0.306655477,0.304163335,0.366252022,0.314883267,0.265745415,0.325482345,0.370863979,0.366212958,0.322273629,0.355642567,0.353929258,0.307199316,0.350506302,0.310791345,0.297103794,0.334286325,0.267656484,0.321667531,0.32509537,0.367334819,0.301557054,0.369294717,0.265504318,0.333681448,0.400509049,0.394551836,0.330289621,0.344602191,0.327689444,0.369894711,0.296874294,0.368236946,0.312918485,0.273856014,0.279848628,0.352620014,0.333133335,0.408405408,0.335836055,0.312764672,0.343247169,0.275032807,0.369063997,0.365075228,0.320679952,0.329081698,0.335507065,0.347309183,0.355128636,0.362553789,0.366686605,0.333759575
41,0.324093143,0.295419172,0.285618458,0.330191351,0.314496292,0.316317637,0.343219092,0.309292886,0.372954497,0.324486831,0.356014283,0.380767235,0.253233436,0.305228431,0.331333964,0.3350206,0.363095187,0.371253395,0.31541612,0.343960082,0.320438856,0.309012726,0.367939695,0.342576373,0.287627796,0.325023957,0.356566668,0.297051912,0.3548558,0.285580615,0.365396283,0.318173162,0.341573534,0.330425733,0.297393109,0.390795618,0.320294198,0.391799677,0.359231544,0.370401318,0.350495315,0.345522019,0.311110569,0.313923765,0.292850124,0.329277017,0.301405072,0.361790826,0.300900906,0.354249092,0.303286233,0.308000122,0.291398663,0.32961272,0.289714652,0.28456679,0.325413984,0.312057253,0.357124546,0.321452681,0.292732933,0.387807856,0.344362926,0.310983612,0.318651082,0.361694998,0.315519883,0.317272256,0.365237587,0.306863002,0.34253914,0.337515183,0.310619831,0.3080459,0.33302591,0.311636097,0.361159093,0.346591998,0.279530015,0.327496567,0.360309458,0.311980957,0.318572955,0.390807215,0.374108707,0.351850948,0.393568529,0.359165624,0.356182745,0.324228645,0.320404065,0.336566668,0.333151647,0.388568377,0.351957762,0.336145512,0.301571703,0.413636891,0.301033357,0.35322306
42,0.301971496,0.313121738,0.309171423,0.361750542,0.310859096,0.331040986,0.266817225,0.349663381,0.318374584,0.379763176,0.300407727,0.34060976,0.322708213,0.348367565,0.27836726,0.405188757,0.354067812,0.448794214,0.352110965,0.342551347,0.366730552,0.271065401,0.369776299,0.364150517,0.353901791,0.368609272,0.383719596,0.275521714,0.317282022,0.372000488,0.323861812,0.338369701,0.270067446,0.368560442,0.358241524,0.328775292,0.351468856,0.388144169,0.360554216,0.35609241,0.40361095,0.273995178,0.337695242,0.323720206,0.370257271,0.379627674,0.321738334,0.31475692,0.364020508,0.394513382,0.331880856,0.303647572,0.378529008,0.288189337,0.368133183,0.379177221,0.387343364,0.354269234,0.270213324,0.391485336,0.325036775,0.25178869,0.362644734,0.372175665,0.331769158,0.314929045,0.326540727,0.40732017,0.40135197,0.360859401,0.340327158,0.296642964,0.354847865,0.342833338,0.320465102,0.361825007,0.315934324,0.360029298,0.312031007,0.343380841,0.343007294,0.301840266,0.293488571,0.2575927,0.338558916,0.361348308,0.306630451,0.34209418,0.36214301,0.301348308,0.330533158,0.350391553,0.287992187,0.240740379,0.288321787,0.328090457,0.370037538,0.373798639,0.288605609,0.362765587
43,0.333459883,0.351567126,0.401814631,0.351793573,0.363571276,0.328482315,0.317952818,0.353462935,0.286333201,0.332847072,0.316443373,0.317902768,0.305766778,0.307487411,0.334589068,0.291396222,0.349229408,0.324531388,0.382142399,0.330408643,0.279016694,0.385008087,0.360519425,0.279898068,0.35447615,0.365414594,0.288872951,0.335521714,0.351535386,0.30349559,0.310444044,0.36105472,0.379199194,0.273019807,0.348034913,0.333678396,0.34187933,0.373168127,0.355364849,0.345266884,0.328289438,0.360858181,0.348946806,0.305841853,0.303064058,0.334940031,0.36395642,0.359107639,0.339919431,0.290602741,0.330412305,0.332906278,0.331332133,0.303751335,0.264992218,0.339295022,0.365069735,0.305317545,0.362377392,0.295788446,0.342066714,0.307806635,0.346483352,0.395478988,0.428367565,0.399501938,0.332566302,0.378422193,0.400757469,0.308728904,0.30344615,0.328131962,0.359039277,0.355705435,0.313132725,0.347655873,0.353127232,0.325841243,0.304925687,0.34224189,0.332854396,0.316409192,0.298319041,0.344625996,0.385547655,0.346450392,0.333229774,0.328091678,0.315742668,0.371561632,0.283581042,0.362339549,0.328957793,0.314296701,0.358619953,0.34283578,0.351464583,0.373872494,0.31208533,0.354069033
44,0.30168157,0.356101566,0.362398755,0.308898587,0.335377056,0.318039491,0.36357738,0.295710318,0.319155248,0.385307169,0.350588702,0.326304514,0.364202399,0.335021821,0.356362804,0.245165563,0.368943754,0.268453627,0.311955321,0.360454115,0.285339518,0.372666402,0.363921629,0.36926603,0.384301889,0.360592059,0.345114292,0.326204413,0.361292154,0.290013733,0.355657827,0.315952635,0.351474349,0.384994049,0.362050234,0.290154119,0.328495743,0.404691916,0.299784539,0.324243294,0.336280404,0.351078829,0.413518479,0.332241585,0.307307352,0.343684805,0.336168706,0.318804895,0.335472274,0.400911283,0.296102176,0.317247841,0.349557176,0.367180395,0.304784082,0.384898221,0.341601611,0.319963378,0.292832423,0.407153539,0.317745903,0.36311594,0.343211768,0.32684286,0.413860286,0.328189337,0.356633198,0.411398053,0.30463332,0.310434278,0.308007447,0.293511155,0.34797998,0.310220649,0.306270943,0.37737907,0.403074435,0.342680746,0.358864711,0.38558916,0.328663595,0.299797968,0.395456404,0.340167241,0.350316477,0.341238441,0.37572985,0.26651204,0.345843074,0.326062197,0.442959685,0.361174963,0.32481399,0.395124363,0.367375103,0.376771142,0.32544023,0.334117252,0.408512223,0.293691214
45,0.329194006,0.305527512,0.375540025,0.319362163,0.284905545,0.386382641,0.281453902,0.355190893,0.352355724,0.345204627,0.38001709,0.321314737,0.386540727,0.293442183,0.363441878,0.324964141,0.306477249,0.288713035,0.294899747,0.389817805,0.310657674,0.334896085,0.303892331,0.337454146,0.337265542,0.301786554,0.340773949,0.407401959,0.272253182,0.366277047,0.290762047,0.301080355,0.306122623,0.377944273,0.349425947,0.393097934,0.328866848,0.330940275,0.40766625,0.329180578,0.272966704,0.309392987,0.354573199,0.343970458,0.31002411,0.324358043,0.367453841,0.316736961,0.311347392,0.374959563,0.368758202,0.389856868,0.292280038,0.324209723,0.293550218,0.382708823,0.343202612,0.316367077,0.307433699,0.310003967,0.347550279,0.342480545,0.301309244,0.326905118,0.374853359,0.318001648,0.318189642,0.289821467,0.37713126,0.33985107,0.31290994,0.322091128,0.370553911,0.360430921,0.345105136,0.235082247,0.33736198,0.358467361,0.321939146,0.305334636,0.362891934,0.31661916,0.266341746,0.389759209,0.357171545,0.346072573,0.303998535,0.395740837,0.306440016,0.338080386,0.350520341,0.359210181,0.324329966,0.332253182,0.298981903,0.312800684,0.329364299,0.333121128,0.383314921,0.321167028
46,0.332355724,0.349607227,0.315734733,0.324914701,0.327594836,0.371289407,0.287939695,0.426699423,0.402581866,0.356522721,0.313006989,0.274434645,0.377828913,0.342056948,0.356890164,0.287084567,0.340736717,0.27863216,0.267248756,0.3029017,0.270935392,0.37061861,0.335164647,0.364119388,0.373180944,0.341616871,0.372005371,0.333180334,0.383046968,0.350856655,0.349657277,0.273953673,0.350326853,0.366394849,0.413013703,0.327643666,0.315388043,0.333382977,0.338100528,0.287998901,0.287810297,0.323969237,0.38730369,0.38029725,0.375414289,0.3237257,0.307442854,0.343588977,0.299247414,0.353474532,0.335944701,0.320012818,0.366140935,0.27007477,0.340265511,0.336434828,0.351208838,0.328379772,0.409594409,0.353043611,0.300720237,0.362070376,0.327032685,0.31103061,0.316989654,0.338232368,0.296296274,0.379725944,0.335115207,0.398910489,0.304718772,0.332242805,0.341115146,0.281259194,0.336792505,0.380867946,0.283882565,0.263883175,0.289034089,0.327724235,0.36441847,0.318160344,0.389834285,0.361097446,0.295345927,0.295571764,0.306171453,0.327670522,0.32550615,0.292078616,0.342520829,0.344344005,0.374925382,0.264580218,0.288235725,0.334869839,0.347050996,0.275294046,0.353317057,0.353993957
47,0.391422468,0.357397992,0.327909177,0.316733909,0.404421522,0.311484726,0.289424726,0.335872066,0.262492142,0.401157262,0.324629048,0.334241157,0.331269875,0.358095035,0.29426191,0.362047182,0.392559587,0.294172185,0.334065981,0.379907224,0.245723441,0.346696371,0.361453902,0.309105503,0.339946287,0.371437727,0.301903745,0.325757622,0.354727012,0.304259774,0.293939024,0.320886868,0.330480667,0.31594409,0.311874142,0.395000458,0.278620563,0.315209204,0.3015656,0.368686789,0.313855403,0.308897977,0.316385388,0.33848323,0.358689535,0.373931089,0.329064608,0.320684225,0.348859523,0.304666891,0.290400098,0.352776269,0.35007477,0.349377728,0.373082675,0.374963225,0.329210486,0.309885556,0.332488784,0.296827906,0.397200842,0.296679586,0.327895138,0.395205542,0.353317057,0.289624317,0.380562761,0.298745689,0.402251656,0.405366375,0.301828059,0.337030549,0.326483352,0.353229774,0.303163549,0.367557604,0.417068392,0.330812098,0.32239082,0.252773827,0.311373638,0.370276193,0.32382458,0.380747704,0.319392071,0.301699881,0.341788385,0.350143742,0.346419874,0.294484695,0.370642415,0.316931669,0.350553911,0.321276894,0.319794305,0.324348277,0.335338603,0.337540819,0.393195593,0.277764214
48,0.335875729,0.314352855,0.397612842,0.31932432,0.321096835,0.321558886,0.281048616,0.308344981,0.293038728,0.349979553,0.372137211,0.340964995,0.35249855,0.361053499,0.331464583,0.349609668,0.320645772,0.324906766,0.275330058,0.294095889,0.347154759,0.321425825,0.291255837,0.36789819,0.379885861,0.302856533,0.371069063,0.295835444,0.33770745,0.344592425,0.331304056,0.337683035,0.276945097,0.358376415,0.271094089,0.364059572,0.404932402,0.353819392,0.350902432,0.397799005,0.362216865,0.321407514,0.34130314,0.319050264,0.39035371,0.327549059,0.283548082,0.366823939,0.281400189,0.358773766,0.352533342,0.296532487,0.284627827,0.381131626,0.34926603,0.381210975,0.355793939,0.285273598,0.362156438,0.307070528,0.328700827,0.315466781,0.32478103,0.340986969,0.288104495,0.36814539,0.386073183,0.317490768,0.311316874,0.309534593,0.346503494,0.26964507,0.352016358,0.319248024,0.346816004,0.307051607,0.305448164,0.357197791,0.365546434,0.310806604,0.365304727,0.356097293,0.27772515,0.273372601,0.331938231,0.384988556,0.329059725,0.271279641,0.322479934,0.345713065,0.346847133,0.343260598,0.381100498,0.346436354,0.337382122,0.276694235,0.352961821,0.324049196,0.340012818,0.307421491
49,0.300555437,0.315953246,0.250361644,0.386819666,0.364279916,0.35840083,0.354795984,0.296122929,0.309479049,0.367145604,0.323020112,0.35266335,0.278709067,0.4147734,0.328070925,0.315760369,0.348240608,0.324854885,0.340535905,0.373442793,0.375961791,0.320408338,0.289189734,0.319682608,0.364627827,0.329767144,0.344597308,0.278810389,0.350447707,0.310083316,0.383416852,0.399628285,0.303446761,0.252635884,0.371708121,0.343208716,0.309243446,0.317784967,0.327523423,0.317662893,0.350252998,0.328898587,0.283615833,0.358908048,0.381926939,0.390080264,0.346278268,0.267937254,0.315687124,0.31503769,0.337302774,0.303607898,0.362503128,0.324821314,0.258760949,0.382320628,0.304740135,0.33132786,0.390343333,0.337261879,0.404361705,0.361311075,0.340421155,0.344157231,0.325086825,0.28606708,0.303695181,0.412782983,0.321967834,0.346276437,0.355521104,0.322581866,0.32115421,0.357281411,0.335063936,0.366175726,0.340648824,0.358840907,0.412551042,0.270051576,0.3087875,0.334540239,0.296258431,0.335065157,0.313891415,0.357257607,0.350314036,0.366452834,0.379508652,0.353892636,0.346707358,0.328108158,0.321929991,0.357120884,0.329550462,0.369767144,0.348642842,0.286376537,0.37805414,0.340134281
50,0.305266274,0.378394116,0.344768822,0.32110416,0.369164708,0.328440809,0.335129246,0.423568224,0.358702963,0.365767388,0.29231605,0.402069765,0.321968444,0.339588611,0.366965545,0.35727897,0.380140385,0.277047029,0.361806085,0.373660695,0.387342143,0.332411878,0.319377422,0.340068972,0.308362072,0.318146916,0.29660329,0.339136326,0.408601337,0.321774346,0.290918302,0.272274545,0.281304361,0.368020875,0.351553087,0.363256325,0.317019562,0.360432142,0.302111271,0.32542497,0.40026368,0.299814448,0.32295053,0.368008057,0.325571459,0.336375011,0.351608631,0.326131169,0.313287759,0.340770898,0.359742424,0.291140477,0.379915769,0.363174535,0.350254219,0.306652425,0.326327097,0.336213263,0.35216834,0.352503433,0.261611377,0.319155248,0.344456313,0.279479965,0.327222511,0.348784448,0.320903348,0.361994079,0.281317179,0.341611988,0.334348582,0.33037019,0.268786279,0.275371563,0.366178167,0.250939665,0.319815668,0.308188727,0.315048067,0.304724265,0.322191839,0.369328288,0.351579943,0.355283059,0.363170263,0.368460341,0.299849849,0.344202399,0.301156041,0.34034669,0.337014679,0.374160588,0.359335917,0.278572955,0.322630696,0.315451521,0.348412732,0.374337596,0.270784021,0.348432264
,,,,,,,,,,,,,,,,,,,,,,,,,,,,,,,,,,,,,,,,,,,,,,,,,,,,,,,,,,,,,,,,,,,,,,,,,,,,,,,,,,,,,,,,,,,,,,,,,,,,
,,,,,,,,,,,,,,,,,,,,,,,,,,,,,,,,,,,,,,,,,,,,,,,,,,,,,,,,,,,,,,,,,,,,,,,,,,,,,,,,,,,,,,,,,,,,,,,,,,,,
Time:,0,0.00001,0.00002,0.00003,0.00004,0.00005,0.00006,0.00007,0.00008,0.00009,0.0001,0.00011,0.00012,0.00013,0.00014,0.00015,0.00016,0.00017,0.00018,0.00019,0.0002,0.00021,0.00022,0.00023,0.00024,0.00025,0.00026,0.00027,0.00028,0.00029,0.0003,0.00031,0.00032,0.00033,0.00034,0.00035,0.00036,0.00037,0.00038,0.00039,0.0004,0.00041,0.00042,0.00043,0.00044,0.00045,0.00046,0.00047,0.00048,0.00049,0.0005,0.00051,0.00052,0.00053,0.00054,0.00055,0.00056,0.00057,0.00058,0.00059,0.0006,0.00061,0.00062,0.00063,0.00064,0.00065,0.00066,0.00067,0.00068,0.00069,0.0007,0.00071,0.00072,0.00073,0.00074,0.00075,0.00076,0.00077,0.00078,0.00079,0.0008,0.00081,0.00082,0.00083,0.00084,0.00085,0.00086,0.00087,0.00088,0.00089,0.0009,0.00091,0.00092,0.00093,0.00094,0.00095,0.00096,0.00097,0.00098,0.00099
AVG:,0.334943303,0.326087112,0.330462539,0.333899997,0.330149968,0.334043422,0.330875832,0.333276272,0.332121635,0.346073916,0.336564531,0.334713327,0.336913553,0.337668728,0.333495334,0.340337913,0.342171258,0.326987323,0.330354137,0.336587921,0.327704349,0.331235548,0.343831819,0.332200897,0.338093667,0.339041023,0.334233869,0.327436995,0.341588513,0.343992651,0.334384008,0.326313865,0.331196509,0.3431317,0.341251625,0.334156267,0.332323582,0.335683987,0.333587646,0.332498074,0.335341142,0.332315806,0.340584637,0.331846113,0.341053206,0.331211292,0.331229444,0.329499313,0.325247011,0.335261049,0.327275161,0.333113742,0.335690323,0.335911069,0.329253566,0.343772246,0.329659511,0.330527885,0.339413166,0.339673806,0.339516746,0.332657369,0.327223548,0.334063295,0.333884262,0.334578802,0.331199622,0.338582244,0.332908304,0.329956529,0.323923386,0.327283035,0.331032612,0.339680386,0.328428309,0.337685867,0.340723069,0.34022934,0.332195196,0.334387805,0.33542226,0.325903122,0.328007862,0.337345341,0.339650929,0.328592193,0.337175439,0.325566588,0.337780987,0.334911661,0.332344432,0.341773638,0.339307523,0.336315488,0.329892819,0.326656368,0.334142228,0.336782128,0.336411402,0.331847371
