,0,0.00001,0.00002,0.00003,0.00004,0.00005,0.00006,0.00007,0.00008,0.00009,0.0001,0.00011,0.00012,0.00013,0.00014,0.00015,0.00016,0.00017,0.00018,0.00019,0.0002,0.00021,0.00022,0.00023,0.00024,0.00025,0.00026,0.00027,0.00028,0.00029,0.0003,0.00031,0.00032,0.00033,0.00034,0.00035,0.00036,0.00037,0.00038,0.00039,0.0004,0.00041,0.00042,0.00043,0.00044,0.00045,0.00046,0.00047,0.00048,0.00049,0.0005,0.00051,0.00052,0.00053,0.00054,0.00055,0.00056,0.00057,0.00058,0.00059,0.0006,0.00061,0.00062,0.00063,0.00064,0.00065,0.00066,0.00067,0.00068,0.00069,0.0007,0.00071,0.00072,0.00073,0.00074,0.00075,0.00076,0.00077,0.00078,0.00079,0.0008,0.00081,0.00082,0.00083,0.00084,0.00085,0.00086,0.00087,0.00088,0.00089,0.0009,0.00091,0.00092,0.00093,0.00094,0.00095,0.00096,0.00097,0.00098,0.00099,
1,0.253950951,0.228830826,0.237312669,0.221422092,0.201468113,0.242967559,0.248268089,0.23655689,0.218853199,0.239034337,0.246032151,0.214869229,0.175808315,0.249980457,0.243131166,0.226759747,0.261783758,0.249319423,0.232615369,0.229699886,0.219947184,0.23048428,0.256778446,0.218649617,0.214375666,0.213568383,0.225902975,0.206682878,0.218825641,0.271541264,0.263632739,0.219630738,0.218928958,0.256498898,0.240120493,0.18021476,0.217456613,0.195364786,0.231862399,0.249478778,0.228190728,0.202157857,0.190186138,0.215592301,0.215299342,0.230013812,0.241651091,0.22644477,0.225660791,0.243303211,0.243656202,0.24517349,0.216799662,0.231411421,0.232702102,0.25707443,0.227813282,0.256172221,0.230585404,0.234397133,0.232688185,0.242625188,0.247746056,0.195694885,0.248342646,0.234373814,0.214847025,0.224475194,0.237851726,0.270830109,0.218036069,0.244380481,0.217317617,0.20860885,0.253231644,0.241760477,0.244218059,0.23094088,0.27336327,0.236740922,0.247418809,0.212683402,0.227444065,0.253987669,0.217488247,0.235721858,0.230496798,0.231478671,0.226896776,0.217760019,0.213177548,0.220436132,0.231685839,0.230578762,0.250905597,0.250533476,0.202866954,0.205651941,0.21418176,0.231425697, 
2,0.218542901,0.248847708,0.23208499,0.227594947,0.215891911,0.214230987,0.19484445,0.235845622,0.242927437,0.269760706,0.244535347,0.239045789,0.218813093,0.240443694,0.235294808,0.214672147,0.244030313,0.232709609,0.2063305,0.196503137,0.236579933,0.216417996,0.269371226,0.240618951,0.236387485,0.247698933,0.26735348,0.175614145,0.23769612,0.252690818,0.213684885,0.278094974,0.23983187,0.248771572,0.19801825,0.229967063,0.253738106,0.212353285,0.215300839,0.226134813,0.242488601,0.208888358,0.256260416,0.236031746,0.21363259,0.249440637,0.241995724,0.225568143,0.193946808,0.254688745,0.225209073,0.245665383,0.232438241,0.223621427,0.242608242,0.256677912,0.229306029,0.205949246,0.247983507,0.282237084,0.205864093,0.221608522,0.218830712,0.215988577,0.259712779,0.24067198,0.195568444,0.255494205,0.184431694,0.246100128,0.214101003,0.243998782,0.265058698,0.227666989,0.19558789,0.230407041,0.256478064,0.239209152,0.237647664,0.245314095,0.210369665,0.234876085,0.26759426,0.23318025,0.223568519,0.227896583,0.284729847,0.21677137,0.233835703,0.26515746,0.25223544,0.235433931,0.232943469,0.242814524,0.232611141,0.215283371,0.248776871,0.238676191,0.20966323,0.183987612, 
3,0.21451834,0.243960419,0.229939218,0.224088718,0.234221845,0.263639417,0.234746643,0.241764178,0.273165993,0.227637462,0.23568341,0.241179845,0.21627049,0.216905299,0.227724585,0.230216541,0.272337442,0.189063765,0.239227258,0.244072183,0.245145647,0.19552279,0.241766122,0.22580964,0.202336498,0.228891113,0.214319698,0.226978202,0.21911456,0.213089743,0.199154257,0.222286801,0.220972554,0.23365046,0.233701515,0.244273663,0.234743033,0.270373323,0.172051911,0.218854372,0.25683893,0.265219279,0.228381265,0.265662739,0.25688495,0.206386769,0.219487184,0.212106615,0.225796858,0.245474582,0.235271873,0.260990017,0.241644371,0.251135025,0.210364746,0.209359044,0.226889517,0.2927163,0.228012269,0.23310807,0.219967817,0.263889938,0.227765244,0.220541629,0.250361235,0.199405604,0.231568398,0.19287276,0.24797536,0.201517449,0.276700282,0.209603648,0.245701029,0.237269991,0.270183255,0.218353638,0.230408908,0.227970955,0.233099488,0.255134254,0.250649597,0.224976637,0.218292803,0.263123814,0.212846722,0.210573659,0.238702891,0.242357558,0.242647369,0.2712851,0.211168043,0.237738657,0.234452424,0.225840199,0.214806489,0.235228628,0.228430339,0.236263433,0.209289084,0.239206469, 
4,0.196172296,0.215262788,0.207564469,0.232430248,0.259302722,0.220272176,0.218758079,0.23138133,0.223448247,0.221845554,0.213478957,0.202609893,0.217727401,0.234745501,0.232657417,0.214548135,0.259238242,0.256765889,0.247076484,0.224949865,0.221697053,0.239025925,0.244446854,0.220249283,0.229801175,0.204221815,0.212354072,0.25924295,0.246225623,0.251559286,0.229687616,0.190626716,0.228930472,0.258696192,0.228417367,0.232841145,0.209982094,0.258652917,0.246551334,0.228340611,0.208684769,0.280490753,0.263812985,0.168986701,0.255402795,0.22788053,0.213083959,0.234821865,0.235808638,0.230363752,0.271113202,0.221957411,0.224489792,0.234328974,0.255863866,0.214905753,0.303013723,0.24746345,0.246479365,0.227074977,0.233120422,0.217862476,0.177885019,0.244663785,0.225789683,0.191186567,0.230454304,0.198710285,0.218395747,0.265359452,0.207941165,0.248933488,0.24249215,0.222688839,0.224560892,0.253089159,0.267126726,0.196707553,0.224286261,0.229982135,0.189878861,0.227331869,0.216402332,0.247666675,0.276625304,0.235328896,0.24246688,0.223073732,0.223343454,0.225341787,0.221318611,0.274407944,0.249157908,0.202048,0.267003002,0.226180136,0.194098517,0.23809041,0.197090209,0.235739068, 
5,0.220238904,0.208363476,0.229972035,0.248544066,0.251576541,0.23790899,0.219928023,0.279713426,0.225727417,0.281317842,0.25214906,0.221115068,0.223264994,0.195051047,0.222695876,0.221561759,0.199559644,0.245563261,0.203045306,0.231591069,0.211254322,0.231595585,0.2092776,0.223605109,0.228847744,0.217499856,0.194698236,0.263145395,0.207936466,0.25909633,0.236052355,0.220151279,0.217985756,0.244455468,0.242977231,0.23389588,0.280566657,0.211842845,0.221270613,0.218680601,0.240008985,0.217117373,0.239827414,0.253604425,0.205387243,0.237343411,0.251684222,0.237908935,0.203777167,0.202793771,0.248294154,0.208069937,0.208703172,0.237657231,0.265236997,0.238550846,0.246714887,0.269724387,0.234637107,0.220183498,0.236275863,0.246911341,0.23725218,0.207696814,0.224975048,0.246056929,0.205759315,0.252993321,0.229470921,0.218176514,0.234895538,0.239913965,0.238686314,0.194270489,0.259002664,0.211927789,0.219141159,0.172258726,0.217285372,0.249525993,0.232316917,0.209424711,0.207659553,0.208007535,0.222973985,0.220554522,0.26467496,0.264278276,0.226700857,0.236421444,0.215816811,0.261834966,0.227162274,0.197347283,0.256789237,0.246538439,0.231152684,0.25275801,0.226410834,0.237594824, 
6,0.239905377,0.235155326,0.216050157,0.218890802,0.225894584,0.217351008,0.221632539,0.256127672,0.222939235,0.25902578,0.24465174,0.213310812,0.218789183,0.226232026,0.235124652,0.215563818,0.236518789,0.21149872,0.219199533,0.254224236,0.248309319,0.245851768,0.237794601,0.220182358,0.220168881,0.268560721,0.236566227,0.223299906,0.229670612,0.197238634,0.228589399,0.201953983,0.247898505,0.277404955,0.239193003,0.231066999,0.240539226,0.226239782,0.233010504,0.208629408,0.219955612,0.230393453,0.234533862,0.250644927,0.269901337,0.238700504,0.227959146,0.202871609,0.20319415,0.26485635,0.258798855,0.212560417,0.234883031,0.242149976,0.189539788,0.248941036,0.229839117,0.204554926,0.212209244,0.252368039,0.213854807,0.246056915,0.215453625,0.231071705,0.26162036,0.232715939,0.243105692,0.212143865,0.201932811,0.241734399,0.195619978,0.241364004,0.243297387,0.256577596,0.217683176,0.234201545,0.241635681,0.239549392,0.236899259,0.246817466,0.203688364,0.218592016,0.208890138,0.25914697,0.232447273,0.223097275,0.238600178,0.246742127,0.232222084,0.228036723,0.247800289,0.247186431,0.261217731,0.241519753,0.233140586,0.233015806,0.230307675,0.218348086,0.226606263,0.234428037, 
7,0.249320426,0.219209471,0.225968781,0.240847822,0.28902117,0.210155871,0.231817582,0.247257435,0.256098049,0.279976044,0.230104036,0.219220731,0.221297059,0.26017686,0.228436329,0.22484648,0.249621737,0.220722732,0.232440672,0.250062201,0.228315614,0.283938954,0.244769996,0.205529623,0.247859676,0.253972435,0.266415474,0.229869193,0.206196135,0.226496097,0.271558269,0.257520243,0.246717528,0.223753257,0.233014636,0.249234184,0.269640366,0.255074869,0.235800167,0.220589159,0.218278788,0.250810445,0.26211969,0.245777909,0.232371915,0.233918187,0.22337329,0.202871182,0.218622229,0.255390477,0.226914623,0.232065004,0.273593162,0.251698348,0.233369547,0.224646104,0.240189222,0.23001879,0.234592432,0.224767985,0.239847912,0.243367518,0.257913803,0.213669345,0.242666886,0.212433226,0.238098849,0.246074136,0.238667869,0.244863508,0.163768774,0.217694385,0.24492183,0.23933678,0.241160568,0.224683878,0.254180337,0.246044909,0.273411964,0.217189101,0.236933714,0.213569868,0.227868126,0.233866019,0.242896296,0.234584273,0.251483411,0.224950621,0.261301863,0.251297173,0.267725995,0.22060478,0.24451825,0.200957021,0.228206845,0.228073011,0.257262124,0.222333429,0.237430032,0.257523863, 
8,0.203220525,0.240824088,0.209272107,0.219786863,0.245324172,0.24637526,0.226439352,0.237208679,0.211832865,0.225244643,0.245023779,0.246228781,0.232092208,0.217688234,0.202265901,0.29172097,0.209557943,0.226016276,0.234592478,0.242642028,0.212890267,0.228687995,0.241083532,0.238595917,0.227517463,0.260314995,0.251501496,0.226089313,0.222955771,0.263952958,0.207522069,0.200910993,0.24626123,0.250327979,0.208540637,0.211885531,0.214643252,0.211724643,0.254223422,0.197881808,0.230222758,0.224844899,0.253029042,0.243917939,0.180194032,0.227239943,0.233586552,0.24286769,0.206586605,0.227402712,0.230881455,0.228651905,0.240468253,0.215831878,0.243529888,0.2179885,0.237455902,0.255514418,0.199528774,0.226153755,0.23570894,0.244197221,0.263789621,0.214439387,0.187362703,0.24887023,0.23167976,0.225594774,0.2321813,0.21823764,0.236734587,0.211687091,0.236017744,0.236970996,0.242815518,0.236015334,0.219932052,0.249384084,0.250680486,0.244438301,0.245558547,0.218574114,0.240227637,0.23894424,0.249775317,0.223341083,0.198301825,0.190568951,0.236638893,0.198595354,0.197873186,0.246470549,0.26431734,0.256184571,0.209792244,0.206243653,0.233473072,0.239959057,0.241182681,0.22200362, 
9,0.262847368,0.248906512,0.247685979,0.224665189,0.227874664,0.246139784,0.203880321,0.256691205,0.251515475,0.257242463,0.236212721,0.233301297,0.259166048,0.231583946,0.253200408,0.239267845,0.228036086,0.198537882,0.2204172,0.237062686,0.261233539,0.224343865,0.253907793,0.24647003,0.239595482,0.226374936,0.213587082,0.223018749,0.266547364,0.213141889,0.25600488,0.290401299,0.277533081,0.243923628,0.232818971,0.185297562,0.245685762,0.255262981,0.235892468,0.244462618,0.210307961,0.23101329,0.250004577,0.224074603,0.263403738,0.243717757,0.250490622,0.244362731,0.222160619,0.242647342,0.21229471,0.230273179,0.276108003,0.211661014,0.232095503,0.257756091,0.200448031,0.199694123,0.243284365,0.233164895,0.229217145,0.22769501,0.223461305,0.241932205,0.226176377,0.239033631,0.262200098,0.211575904,0.229264205,0.220406963,0.235005675,0.243820245,0.213521743,0.245124036,0.212191898,0.247574546,0.267909115,0.240343481,0.217344339,0.232157592,0.234150488,0.22509309,0.237288155,0.214535485,0.235092318,0.17571804,0.218820458,0.226657282,0.226119437,0.24882207,0.247366314,0.22647074,0.232053436,0.224720622,0.220325681,0.235056598,0.227451855,0.224757574,0.226520907,0.208001017, 
10,0.201214211,0.242880351,0.201060405,0.234450923,0.233134041,0.241612468,0.227897544,0.212935608,0.230182586,0.248071159,0.241388792,0.253313568,0.259215594,0.258349166,0.223129398,0.280091544,0.224851859,0.235911827,0.252101996,0.219132868,0.203805002,0.215944881,0.243818124,0.255705786,0.255367417,0.19200664,0.262140819,0.244294512,0.234342189,0.261564911,0.240188639,0.26055681,0.207553761,0.239641222,0.209980667,0.24241154,0.233532509,0.209538674,0.225455716,0.238178144,0.189642475,0.222417973,0.222484204,0.222010475,0.221385581,0.228918722,0.22956494,0.230417541,0.208385839,0.230449232,0.242575474,0.297625772,0.211789774,0.217919674,0.233548576,0.244912997,0.223038705,0.249117334,0.265700715,0.234214485,0.253259004,0.247861746,0.222018353,0.240562957,0.221144136,0.248942871,0.229212967,0.254181413,0.238567539,0.248624993,0.267142339,0.221189645,0.226812474,0.270074795,0.236461072,0.220415309,0.236984364,0.239295348,0.237035326,0.214564844,0.235104343,0.21429689,0.23016079,0.263488161,0.233375348,0.244489759,0.236168053,0.233702659,0.229607787,0.240584027,0.23697209,0.226136298,0.216037203,0.251366528,0.218936809,0.209798365,0.255147526,0.226736882,0.220095159,0.23514322, 
11,0.201341624,0.250794728,0.229074518,0.220541853,0.238958304,0.241138314,0.218854062,0.237566869,0.274598217,0.261239057,0.261858175,0.198882697,0.22859377,0.208123877,0.26218518,0.186997798,0.207094784,0.267646497,0.245870431,0.230996562,0.222371759,0.236093239,0.219239208,0.226679723,0.251127797,0.281813313,0.22222758,0.20940891,0.242544453,0.233209573,0.228721122,0.241823862,0.236290916,0.22790759,0.251514943,0.219661115,0.233158939,0.19535546,0.208877185,0.231100939,0.252891427,0.212188939,0.216444855,0.228124047,0.253135623,0.21432088,0.222520228,0.220992077,0.216767481,0.273563983,0.244641143,0.244783395,0.2396984,0.246719402,0.256823934,0.179357294,0.218685668,0.205644922,0.23005789,0.242390941,0.232095411,0.252674343,0.226750477,0.215369488,0.212502699,0.25837785,0.242848128,0.242934468,0.273146319,0.242894274,0.223064099,0.168341663,0.230588451,0.255648446,0.19254244,0.24963387,0.244495193,0.249770472,0.232900575,0.226579481,0.250386998,0.219983209,0.210982301,0.26373806,0.250599388,0.216881504,0.288653886,0.255331355,0.217614254,0.228353448,0.258807739,0.263713687,0.21861314,0.204402422,0.261965995,0.235361186,0.23289746,0.231499818,0.217401134,0.237361691, 
12,0.232295616,0.247931181,0.252060618,0.237612871,0.239540764,0.242164422,0.260955436,0.241746818,0.204781198,0.197631573,0.209563609,0.263449544,0.223496399,0.252191979,0.23765812,0.229401993,0.232322497,0.242258566,0.252185281,0.215170257,0.243935323,0.228361286,0.231509341,0.237038585,0.216485229,0.248834382,0.269147506,0.22996661,0.253770973,0.227187057,0.260474785,0.221230444,0.243681039,0.259640674,0.214619015,0.242365529,0.213360919,0.262916398,0.244760601,0.202302538,0.198139178,0.217274303,0.240325586,0.230413121,0.247532355,0.248099553,0.209572405,0.227798028,0.223311184,0.206518088,0.218240942,0.20793409,0.249391326,0.224738971,0.234469719,0.233053642,0.227471942,0.200655122,0.20770497,0.252533281,0.229771685,0.225844415,0.236275576,0.222824506,0.244418334,0.218348715,0.233656898,0.24280561,0.20435922,0.225177724,0.260578689,0.213860115,0.208893355,0.231315733,0.228261884,0.227186408,0.24173668,0.249994381,0.24910074,0.26413778,0.24482302,0.233786379,0.230582155,0.255729565,0.239239315,0.269518087,0.223833514,0.231909745,0.200617356,0.203132978,0.271290595,0.229109377,0.250873421,0.249798064,0.214134126,0.236139889,0.210494204,0.216118266,0.247821994,0.235791673, 
13,0.245979727,0.223974567,0.240753273,0.215253678,0.240660296,0.221020339,0.230140502,0.223826728,0.194049743,0.20639947,0.226771402,0.205282157,0.245965269,0.210909831,0.229119422,0.232932758,0.225133109,0.225912545,0.253879807,0.268159068,0.194363743,0.236644946,0.209493804,0.19432583,0.216173365,0.213453729,0.200686967,0.226238194,0.253129919,0.241913643,0.248499805,0.215216338,0.199465865,0.232243747,0.230779837,0.223508013,0.214337145,0.218249059,0.208684473,0.236826456,0.197049534,0.249961725,0.231120203,0.205376892,0.244915678,0.228693671,0.223948194,0.214726763,0.226989671,0.237338053,0.22040971,0.211325819,0.241968053,0.232006972,0.242040304,0.225878901,0.225255094,0.274633722,0.223421601,0.25210032,0.194871406,0.206667723,0.219814708,0.259115056,0.24977086,0.278243215,0.206736688,0.228127372,0.235329691,0.23222149,0.247363694,0.21536796,0.230123006,0.231881542,0.260289927,0.237996317,0.199897798,0.247064443,0.246903268,0.271691658,0.209945084,0.241521841,0.212323696,0.207639503,0.244445239,0.217708193,0.242136289,0.209558272,0.223837351,0.252862444,0.262099772,0.232509005,0.231600351,0.237212759,0.247418338,0.235438157,0.25438061,0.220595044,0.222359082,0.211723002, 
14,0.220272546,0.228340219,0.239620595,0.231652578,0.229044714,0.240627323,0.240594868,0.216829217,0.228355385,0.207600867,0.229683226,0.23476186,0.227633901,0.228215438,0.200031056,0.241465057,0.252184244,0.245260763,0.214769183,0.228544219,0.2362482,0.227695828,0.208264122,0.218578333,0.223480844,0.242011743,0.23710068,0.230447097,0.189526288,0.232157554,0.267289562,0.193452137,0.230386037,0.218132599,0.223020571,0.210570908,0.211136348,0.238364408,0.221684324,0.256415351,0.240462764,0.240934031,0.194722381,0.241289071,0.244248963,0.231432338,0.219392981,0.223551598,0.202701979,0.212579422,0.24951939,0.262166621,0.246260412,0.23380467,0.230040489,0.240759133,0.240663511,0.225455949,0.239782759,0.264031239,0.23755979,0.275519336,0.214309387,0.233824024,0.217425496,0.256416934,0.231493572,0.21434511,0.184490664,0.211329234,0.240622954,0.245563607,0.235947575,0.242063134,0.252442651,0.262133635,0.208326092,0.215805122,0.231454232,0.251741167,0.217033836,0.256102816,0.219957167,0.215112002,0.233203923,0.239532441,0.224115628,0.247007699,0.196973127,0.225384891,0.256277212,0.233970008,0.256557901,0.236054534,0.239264976,0.24265614,0.277392532,0.238747575,0.201602618,0.222653486, 
15,0.227860423,0.256501555,0.241556073,0.258738601,0.211206999,0.237191913,0.213609372,0.230231843,0.255709753,0.242643712,0.222242393,0.275456825,0.245042881,0.223185946,0.246104655,0.216614416,0.245704345,0.239897855,0.239934934,0.221432094,0.265304842,0.22149534,0.221132499,0.209163022,0.212530315,0.215920225,0.271264368,0.220709523,0.255391513,0.226628031,0.217267337,0.225602991,0.236213172,0.201012817,0.246134669,0.22617179,0.242105697,0.235631362,0.20893547,0.236334527,0.258822062,0.256004246,0.236385375,0.216209718,0.236960545,0.212995135,0.22997373,0.208220501,0.262477981,0.226563433,0.211478623,0.228938389,0.227405617,0.23603497,0.256535138,0.241044958,0.226148787,0.216994082,0.217138797,0.221319707,0.213161272,0.215844089,0.238511343,0.263467314,0.222782086,0.251281827,0.231431179,0.218371584,0.2403417,0.260590352,0.234936936,0.23702735,0.191212852,0.236781496,0.215842442,0.194560362,0.257190624,0.271648063,0.244169164,0.238580656,0.251279434,0.263847047,0.201762021,0.218234013,0.222619849,0.22095706,0.205952056,0.244198805,0.230361337,0.235586431,0.206076396,0.260622468,0.264747635,0.170698227,0.255129082,0.210504267,0.230311746,0.240652599,0.232499496,0.19003307, 
16,0.244968024,0.238611273,0.233942225,0.256206983,0.238943745,0.247681096,0.273458036,0.234884012,0.250492266,0.267646138,0.240456192,0.223186961,0.236100095,0.236885721,0.195945144,0.246039686,0.248525292,0.215374584,0.229987502,0.269771056,0.219462897,0.242449756,0.249983193,0.241747809,0.215839935,0.218022588,0.222303726,0.166011564,0.224335906,0.250016256,0.264649157,0.235095113,0.217732354,0.196348751,0.252688104,0.231257688,0.261689968,0.235941188,0.224947721,0.225999245,0.273953036,0.254560479,0.259013937,0.187915602,0.27014096,0.214901084,0.264519904,0.251460802,0.24389096,0.216838416,0.196809084,0.244443442,0.227855508,0.188531995,0.230771508,0.210312841,0.190454041,0.21714764,0.273064276,0.228174799,0.247110953,0.240054552,0.241074185,0.198890734,0.220559265,0.257370719,0.202832214,0.227316756,0.229951103,0.235428683,0.215551224,0.227345613,0.242203745,0.226443344,0.218686054,0.247532514,0.211902779,0.230127721,0.210601303,0.229859792,0.214556862,0.247813538,0.216730653,0.256976014,0.231412982,0.221614456,0.214332447,0.222454899,0.258159865,0.228406316,0.213073254,0.255861832,0.231922602,0.2494064,0.226500344,0.241463701,0.250304506,0.221392588,0.235278415,0.227057584, 
17,0.224200221,0.269670045,0.215985116,0.205588775,0.245827883,0.246019575,0.242055975,0.221296271,0.234395273,0.241293367,0.251267769,0.22008747,0.253805454,0.250191369,0.21512882,0.231283359,0.220640905,0.254155776,0.207122663,0.215049568,0.192738271,0.233799214,0.194531854,0.231209308,0.253915842,0.2536553,0.235472909,0.238675721,0.273382145,0.196467635,0.203852253,0.212308495,0.260294228,0.285039692,0.22068508,0.229789708,0.24400822,0.21178543,0.253729857,0.265061622,0.235051363,0.205719926,0.272998202,0.235724986,0.251236301,0.263299523,0.251170224,0.215603126,0.267963079,0.215202857,0.188997377,0.220124914,0.238187563,0.221866945,0.23878963,0.245136249,0.2434997,0.225022933,0.248155937,0.234494488,0.243775531,0.215058126,0.212654238,0.245083241,0.243649852,0.242463836,0.225950582,0.207388895,0.208727332,0.226534853,0.241694469,0.224019236,0.228712086,0.248477775,0.233204791,0.212663646,0.222085726,0.209824011,0.218769531,0.218213809,0.274241899,0.252911786,0.232655176,0.193657571,0.235907848,0.251827294,0.255912967,0.213929413,0.242999174,0.272338562,0.242885846,0.215150241,0.22248237,0.25034593,0.231211712,0.22701053,0.222025734,0.229982657,0.241442975,0.241509014, 
18,0.247247057,0.255383199,0.261361091,0.254064764,0.255778807,0.243404192,0.24780998,0.202496436,0.227205186,0.238863243,0.188407464,0.232538827,0.263692762,0.225416145,0.240709308,0.202443517,0.236605586,0.240724507,0.235152505,0.242184775,0.246062861,0.200017712,0.225291562,0.224333189,0.252815718,0.209155268,0.206714235,0.210009499,0.243928359,0.246211023,0.223126649,0.224962514,0.219284682,0.227408863,0.225458617,0.228545213,0.232868206,0.231836986,0.234555416,0.242682193,0.208530052,0.248690324,0.207837016,0.241973227,0.202993096,0.16879715,0.233038694,0.238538323,0.248088251,0.260042845,0.206148096,0.251053506,0.230402847,0.224497788,0.244886567,0.236882216,0.243409043,0.214375088,0.245835391,0.238249658,0.222507233,0.257306218,0.226124847,0.251226875,0.260037711,0.243176575,0.23737225,0.2442036,0.223663658,0.227192658,0.196876217,0.217255647,0.234336538,0.248209672,0.261864164,0.235167981,0.204517854,0.227559611,0.239295903,0.21991107,0.222192834,0.222233339,0.229638894,0.212174167,0.227996014,0.237041966,0.249099049,0.239096829,0.231045679,0.234675202,0.224816561,0.22813309,0.232494003,0.225788262,0.243514466,0.262648264,0.257447001,0.211386764,0.255716949,0.288137065, 
19,0.234896037,0.237477249,0.2324808,0.245534943,0.179862933,0.247828254,0.233254287,0.220942756,0.20610256,0.250276153,0.230816614,0.234251281,0.243267522,0.247482636,0.259256984,0.268067243,0.237116486,0.226639273,0.236105772,0.263651728,0.250301091,0.244359089,0.257299114,0.231456564,0.276384301,0.241816197,0.235099084,0.199314784,0.180888348,0.200002598,0.248858669,0.212446793,0.244749227,0.222423526,0.26588254,0.254995462,0.232475432,0.198649365,0.234617422,0.257978928,0.212057225,0.227596661,0.256694003,0.210996946,0.178060289,0.232669462,0.219691344,0.238696497,0.21321473,0.242962517,0.255707463,0.224935094,0.215757569,0.274436294,0.212097749,0.25094432,0.22874174,0.236497863,0.194952988,0.244722764,0.259457886,0.230617544,0.214612138,0.235405953,0.232733553,0.206172849,0.20283942,0.230243088,0.244544166,0.193166439,0.236935157,0.225652824,0.200666631,0.245881192,0.222939312,0.238066438,0.25405579,0.251432473,0.207135531,0.218097497,0.220262896,0.223618531,0.250828072,0.229926261,0.221397261,0.214790084,0.233416738,0.22659675,0.260901265,0.257117137,0.254032046,0.253893981,0.172623742,0.244899702,0.229869394,0.237002418,0.247994836,0.239933037,0.250616956,0.230986226, 
20,0.258719933,0.241473617,0.217743655,0.233302302,0.225017184,0.265483066,0.263455502,0.2252899,0.227914106,0.219576831,0.242427817,0.236786381,0.250141382,0.273299152,0.2021652,0.249518167,0.221852354,0.229351109,0.228923107,0.22029937,0.239038713,0.189559416,0.265296498,0.229531876,0.194238768,0.219325644,0.217165758,0.262476955,0.210491524,0.263843847,0.240902046,0.248346922,0.21356207,0.22729554,0.278412082,0.229859918,0.23239095,0.189319054,0.214349918,0.234458565,0.222845651,0.211342235,0.241103397,0.227484041,0.232858161,0.249499197,0.236593928,0.242258628,0.236888362,0.251505602,0.221425498,0.221978512,0.193564034,0.212438371,0.219653588,0.273494589,0.228591954,0.255411555,0.239768457,0.210194544,0.23212394,0.248602123,0.216672391,0.254299755,0.222576433,0.253034641,0.201249232,0.243270893,0.238424434,0.219261739,0.225693944,0.201130559,0.219848508,0.22987471,0.230338174,0.242294402,0.222354878,0.207318745,0.208633901,0.244862259,0.223895766,0.243760016,0.218941276,0.221120824,0.246443095,0.210540137,0.24074299,0.229507477,0.206887712,0.228728973,0.228718803,0.22033013,0.227694044,0.215261762,0.194591517,0.218554167,0.215534618,0.246197037,0.246946301,0.282016054, 
21,0.267422481,0.218451858,0.215295589,0.2259445,0.245513392,0.252263978,0.21728284,0.21166495,0.245816906,0.224180365,0.197810067,0.213379716,0.274054798,0.230158412,0.231502062,0.221183013,0.235359314,0.230358081,0.240120932,0.225420991,0.242075807,0.222735241,0.244473854,0.239855068,0.252441141,0.245802732,0.258139176,0.246122724,0.235837188,0.249535235,0.179407153,0.24760235,0.293125028,0.233340032,0.253030908,0.234040224,0.258964689,0.211647217,0.244884791,0.225434129,0.232615374,0.228332792,0.253369697,0.253010492,0.2398704,0.195926451,0.216095725,0.221247334,0.24623188,0.239697289,0.258830612,0.231669137,0.218373485,0.251613694,0.245688345,0.243824254,0.233929844,0.257926688,0.232053492,0.20246357,0.248894771,0.222615168,0.211951366,0.238908668,0.252213552,0.233729193,0.218403892,0.206812328,0.221740579,0.221593717,0.24755619,0.245215459,0.235162357,0.236194154,0.225665129,0.217777447,0.258371347,0.253146953,0.237670785,0.198766675,0.223622336,0.229997274,0.277153314,0.276095643,0.268555713,0.185196295,0.222700845,0.232522759,0.23736719,0.21306371,0.264559896,0.25122321,0.207974754,0.247598654,0.239674487,0.195007597,0.243908066,0.201476848,0.255582908,0.257402556, 
22,0.234841155,0.22808415,0.208683847,0.214686742,0.22572335,0.241515819,0.252376822,0.255150594,0.222066602,0.245865901,0.212635087,0.218778649,0.219809674,0.214479209,0.24630954,0.207893277,0.224873417,0.226236587,0.21413768,0.249577254,0.225192646,0.257141446,0.233709368,0.257926453,0.23146775,0.209821917,0.228906282,0.243509927,0.233106069,0.202382661,0.22291017,0.248567563,0.238337926,0.242913513,0.228616477,0.225809804,0.237103858,0.216627315,0.228744961,0.244920184,0.268332,0.268972018,0.259602435,0.201625321,0.251009336,0.278940277,0.19334465,0.238094758,0.234050378,0.206172457,0.232886811,0.235731071,0.230809713,0.261945621,0.23347671,0.236712178,0.180604631,0.217127444,0.230771303,0.235777804,0.209768771,0.220983679,0.217152017,0.240669606,0.241814627,0.219758182,0.233625352,0.209126,0.222559244,0.216072287,0.214954368,0.235859005,0.205310205,0.23813147,0.23608795,0.216965822,0.247238916,0.238346126,0.217496878,0.252728758,0.24261048,0.234291245,0.205080546,0.263626325,0.224922056,0.235791651,0.238043589,0.224247049,0.206509914,0.249864349,0.244242729,0.220558573,0.21616097,0.237701554,0.230510747,0.231281343,0.197309027,0.235217054,0.19316315,0.209294711, 
23,0.258053105,0.236609371,0.186660066,0.239225097,0.22675756,0.245431253,0.224029531,0.192375292,0.234606426,0.215592731,0.237046887,0.239076297,0.245377563,0.241020168,0.245268898,0.233645073,0.213652284,0.235940508,0.233497388,0.236115509,0.239510126,0.252106147,0.209715429,0.237737133,0.23494356,0.21369745,0.226993081,0.257317503,0.260640279,0.232900476,0.210766904,0.207390954,0.234384487,0.250507053,0.233854525,0.243329946,0.213425987,0.210213445,0.273401735,0.239223136,0.203239999,0.231461925,0.228252443,0.24835965,0.235302449,0.233862432,0.246675372,0.243283025,0.235777098,0.254832275,0.211861025,0.263868215,0.230377138,0.209722847,0.251842282,0.227497579,0.231833008,0.255662536,0.242913692,0.242004656,0.219335452,0.259633687,0.244301736,0.211001963,0.232079008,0.254348281,0.242960916,0.24488919,0.207429956,0.246714344,0.247550235,0.219943963,0.254092998,0.222817333,0.249785727,0.230677993,0.248899774,0.236450359,0.232023842,0.245537444,0.206381789,0.225162503,0.261578122,0.214686505,0.243883437,0.202544806,0.244566519,0.24876989,0.227956504,0.234427154,0.216257377,0.203402985,0.220308342,0.219744928,0.252312228,0.225321374,0.217974326,0.217154964,0.26509246,0.243376703, 
24,0.235942397,0.264727188,0.244371113,0.218949066,0.24342549,0.225788804,0.233994812,0.234504846,0.243197434,0.214492163,0.254762098,0.207358983,0.24156692,0.237089416,0.222806313,0.208866135,0.237200975,0.184910843,0.226548114,0.251931026,0.22636067,0.259530836,0.251036624,0.20960197,0.220084948,0.243242741,0.239113243,0.260142641,0.221180264,0.228685225,0.220975164,0.252407809,0.219077329,0.242090563,0.232898842,0.231438386,0.181231916,0.203086266,0.24582506,0.244274234,0.227460156,0.230325629,0.210558598,0.221099489,0.225166597,0.241886274,0.292238309,0.213707432,0.224237843,0.232125909,0.222687749,0.257926383,0.271717604,0.212307078,0.185623597,0.222451108,0.213049399,0.217861244,0.216224531,0.230115481,0.240493583,0.270561565,0.245999143,0.235784191,0.221966474,0.201059733,0.281606286,0.211139158,0.251103361,0.220820415,0.222652304,0.236848825,0.209426733,0.267171611,0.246212198,0.230215957,0.224154408,0.235039767,0.216535897,0.203586216,0.211184987,0.246654937,0.22309758,0.196261551,0.244471676,0.182867648,0.245652898,0.212469563,0.249476806,0.232783406,0.216451756,0.256112374,0.223596165,0.223651942,0.223169287,0.250202804,0.221434666,0.230170077,0.233212441,0.233976257, 
25,0.217212328,0.227718094,0.232722673,0.238926264,0.220497366,0.245487264,0.245846905,0.220824421,0.187940815,0.196718773,0.267996664,0.238509929,0.271087614,0.211251694,0.261817823,0.254942109,0.27726039,0.260051796,0.246442632,0.184908481,0.216841531,0.252533409,0.217311319,0.195027818,0.20652817,0.202893625,0.223403542,0.251221078,0.227893985,0.247102053,0.226510588,0.213871966,0.240313146,0.248019767,0.209136958,0.22007291,0.214378249,0.275802152,0.225186484,0.233551815,0.24328446,0.218429752,0.244795635,0.201927833,0.206833414,0.245970236,0.248266234,0.256725043,0.239039969,0.250229606,0.231888687,0.217499059,0.215424097,0.247725273,0.24230202,0.233756672,0.226040049,0.210763591,0.244297459,0.25664583,0.214106847,0.22459012,0.199998206,0.217054672,0.236735708,0.241241554,0.243114403,0.223283945,0.1942973,0.21950989,0.225924743,0.240693083,0.247146797,0.211316026,0.210315239,0.212341208,0.225661593,0.235338056,0.215162398,0.199170289,0.233161344,0.263067861,0.209595833,0.233415886,0.208852893,0.246076634,0.247669529,0.220539169,0.222767442,0.232963513,0.242287447,0.23168367,0.252701329,0.226491677,0.175403718,0.197997339,0.237137319,0.231701986,0.264503775,0.240579913, 
26,0.234157849,0.227015183,0.210607942,0.22108906,0.271109386,0.220460205,0.225364352,0.251456258,0.203634967,0.272993004,0.22921146,0.22797231,0.253720739,0.220709822,0.203335275,0.25248039,0.240648642,0.217416153,0.242155554,0.228941041,0.234285928,0.214352992,0.243834236,0.223418573,0.242431874,0.204327165,0.226828134,0.21962328,0.255747698,0.218702873,0.212158307,0.233438396,0.245539078,0.245003074,0.226646406,0.219463248,0.218979095,0.214919017,0.193336587,0.236516859,0.24621007,0.22930361,0.237063522,0.207327653,0.216394922,0.218196109,0.178912833,0.275114844,0.217425156,0.217742009,0.22526311,0.230407797,0.214424819,0.229251185,0.231996491,0.190383575,0.217349851,0.226741572,0.23229089,0.229052823,0.226126737,0.229067172,0.239285348,0.211799575,0.214407353,0.245399596,0.229558376,0.234283192,0.234297414,0.218946091,0.200196176,0.242849611,0.240747953,0.267088327,0.237425586,0.239987032,0.254349966,0.211817886,0.228327681,0.244434292,0.26082008,0.241472291,0.228795348,0.209892067,0.235122046,0.229728224,0.282451364,0.197856273,0.255193139,0.226683051,0.263481837,0.258128263,0.246416934,0.251778433,0.230116724,0.225702306,0.263160483,0.21782302,0.246062595,0.226364635, 
27,0.231842732,0.213708567,0.22327329,0.264954471,0.255351018,0.23041393,0.220347072,0.230786537,0.215995066,0.223781972,0.181545589,0.2273651,0.239787965,0.229615751,0.194018808,0.239426005,0.207539624,0.227936169,0.233426231,0.218390914,0.233186726,0.227620197,0.228292701,0.224505242,0.240461729,0.234208117,0.250305657,0.215100184,0.268955133,0.209527104,0.240543753,0.248337003,0.267610257,0.262470032,0.231415157,0.253743815,0.251090859,0.217140803,0.207388331,0.244661917,0.250148607,0.236851172,0.228919868,0.188986933,0.256581016,0.227337802,0.225591558,0.255929517,0.238367821,0.256781048,0.240311633,0.209846942,0.255580491,0.25049065,0.246480064,0.233891742,0.20124758,0.248428509,0.26394451,0.220210261,0.245008055,0.201362445,0.272949775,0.241156473,0.224519986,0.239879809,0.2138458,0.242183554,0.253461782,0.237149912,0.219714514,0.273698403,0.229862598,0.251183946,0.235940064,0.215377122,0.219247743,0.242311651,0.22170794,0.237383534,0.225068577,0.214407032,0.247489812,0.221382165,0.217636155,0.233063129,0.230310529,0.233735908,0.234144457,0.240177454,0.205576728,0.196714063,0.26445613,0.226252227,0.238782905,0.180005539,0.208065815,0.238956479,0.220596367,0.201030889, 
28,0.194857174,0.211413034,0.261210542,0.268403443,0.211086166,0.251239904,0.223310873,0.226076224,0.253092818,0.250525124,0.228600773,0.225901477,0.2417305,0.276514661,0.199594406,0.204763985,0.211507645,0.249078223,0.246101352,0.240204282,0.236262795,0.216174024,0.226304835,0.230310045,0.238608681,0.218828314,0.209585087,0.242362312,0.224186601,0.241919393,0.210045644,0.238578366,0.18985122,0.228519318,0.237588734,0.225003687,0.219382544,0.233949831,0.232865222,0.234366949,0.200964275,0.23924668,0.236642656,0.23328341,0.22510314,0.250032508,0.22213311,0.215516093,0.262501959,0.213747528,0.28383806,0.256072299,0.22529799,0.244888532,0.254740267,0.245290444,0.264104056,0.215658277,0.213694025,0.180917337,0.227524374,0.274160001,0.273812929,0.234161312,0.245911644,0.237143079,0.223475328,0.22330516,0.213036076,0.202227026,0.203236453,0.224290821,0.234694569,0.211859473,0.211776842,0.232295583,0.262055018,0.242794255,0.247837104,0.251475304,0.234994533,0.223976695,0.243115953,0.234279027,0.277278938,0.235322985,0.245681242,0.251035558,0.206119508,0.258233757,0.209233791,0.235908027,0.233904346,0.260322713,0.253453932,0.241985149,0.263556522,0.231937125,0.241044798,0.217827468, 
29,0.190300999,0.259280057,0.236596116,0.227358742,0.261083416,0.221892156,0.230038065,0.221742198,0.254668757,0.242646203,0.222096865,0.242598633,0.201986329,0.269340502,0.235500986,0.219017819,0.226786137,0.22704199,0.265279416,0.19256867,0.197923755,0.194736581,0.254323299,0.214769993,0.253690712,0.217076719,0.21151043,0.212504376,0.254436055,0.273807157,0.232179782,0.21145484,0.243626564,0.263082622,0.216685594,0.200858509,0.249739905,0.255050394,0.23689869,0.217628328,0.204738463,0.264069827,0.223836311,0.242159101,0.198259877,0.249155184,0.211677715,0.224787591,0.234764722,0.240308054,0.241982781,0.243232368,0.243640868,0.232207619,0.255226985,0.214962174,0.24174041,0.201683807,0.250955452,0.255660209,0.253998178,0.235750508,0.21363488,0.21260613,0.206486044,0.199999229,0.253505599,0.18293111,0.234393678,0.225233229,0.244592865,0.202781467,0.247467049,0.217157159,0.226271991,0.240699677,0.216849756,0.240480585,0.250108672,0.24939364,0.221059836,0.254434607,0.243133209,0.196485533,0.241557696,0.1952237,0.196487996,0.229794469,0.248681988,0.220795568,0.223594821,0.231647403,0.22799668,0.212636639,0.253768261,0.22831442,0.271943664,0.252829482,0.252270493,0.249812521, 
30,0.254852464,0.229993069,0.243802229,0.246911511,0.207969532,0.207918726,0.232035807,0.237331524,0.196468508,0.212836964,0.195819762,0.198023482,0.264597333,0.226785384,0.222581775,0.26024339,0.241905749,0.256003871,0.241340052,0.222711318,0.218699444,0.209412491,0.196455915,0.236111143,0.235166075,0.231896427,0.215645707,0.231838894,0.22768233,0.246429896,0.200784777,0.201586793,0.207950929,0.247544827,0.212868096,0.223669847,0.244325369,0.247851439,0.234648963,0.227438197,0.195069555,0.233685766,0.230060101,0.241729754,0.200962367,0.239806053,0.23807456,0.23073768,0.218531885,0.223831679,0.223513967,0.276493266,0.264633953,0.233184967,0.232345625,0.237883998,0.217305923,0.238410716,0.22755155,0.252861313,0.246566348,0.266629864,0.259506481,0.23789506,0.228680816,0.227995082,0.251550903,0.229157804,0.235196531,0.229969311,0.221419595,0.232832004,0.22408209,0.198006849,0.21652459,0.2047478,0.24220083,0.237714665,0.239619618,0.252641436,0.224491514,0.210084036,0.190251673,0.215310804,0.242790831,0.23317724,0.234875561,0.242756655,0.229232964,0.22835883,0.231182344,0.24265692,0.255560045,0.232018023,0.209292309,0.251320956,0.23267343,0.19995732,0.188685218,0.243394381, 
31,0.277481519,0.239424029,0.234790147,0.23252125,0.240405009,0.198903947,0.24743745,0.241047457,0.208582718,0.220839176,0.236271426,0.217635392,0.243267869,0.236757836,0.232611052,0.227848043,0.249328566,0.269124754,0.239516281,0.232664895,0.228789889,0.212974445,0.242961387,0.244180996,0.231649696,0.235268471,0.223439846,0.251787602,0.230731584,0.26541037,0.26771067,0.219800055,0.242627911,0.247559269,0.220594951,0.198226006,0.259008131,0.231536789,0.263975189,0.241007449,0.204078231,0.2104265,0.234466963,0.207756914,0.215293091,0.240892927,0.225570954,0.223334231,0.236052649,0.210039713,0.228244678,0.250621982,0.19664554,0.225706679,0.24966367,0.221377464,0.24961121,0.254508381,0.227844126,0.228828563,0.242532515,0.223424726,0.191409633,0.225841214,0.234928745,0.198758914,0.229719678,0.224153405,0.215566265,0.23684757,0.228271131,0.218349741,0.244234638,0.222616055,0.253064815,0.24214025,0.235202281,0.265765001,0.234423601,0.203796205,0.231322847,0.21563689,0.214008612,0.240831759,0.205959451,0.224428347,0.202739698,0.236344438,0.258801136,0.181996749,0.229356652,0.210275423,0.249491466,0.246759038,0.223070177,0.224812603,0.247346017,0.251445477,0.209660204,0.19588928, 
32,0.244333893,0.228211614,0.246796733,0.226708384,0.205966177,0.256962381,0.258483823,0.22344915,0.236168081,0.256574626,0.236258791,0.23057135,0.242517156,0.232394131,0.278691189,0.248004747,0.246475444,0.219141306,0.203884555,0.216327476,0.212470967,0.248620728,0.232448931,0.264953057,0.210930419,0.218138908,0.253976872,0.247489194,0.185742941,0.225436245,0.190901219,0.202454016,0.239718314,0.25505749,0.217666399,0.259412742,0.227540241,0.241400747,0.246851226,0.222141511,0.236685059,0.258793365,0.263922533,0.186791238,0.194059435,0.184581482,0.179298761,0.215980717,0.251878256,0.218378532,0.240660524,0.224332631,0.212103645,0.251316861,0.283423485,0.211088838,0.256692929,0.207559749,0.237343071,0.249242394,0.246390806,0.202189668,0.223392666,0.213519453,0.224724473,0.22125934,0.245118112,0.179494669,0.238813329,0.2731778,0.203028131,0.26058712,0.223243416,0.243419006,0.213003361,0.192005613,0.237137092,0.26749072,0.20191126,0.237969082,0.213470095,0.227868367,0.264491093,0.207449993,0.22643151,0.20232645,0.222004062,0.251587689,0.22651889,0.208476878,0.218635502,0.235972176,0.237645015,0.244814044,0.246249362,0.212012334,0.258097911,0.249619199,0.236496048,0.232644981, 
33,0.214610647,0.210466106,0.258300059,0.245922257,0.195921948,0.228061646,0.237651445,0.263487857,0.237146468,0.228968,0.249768075,0.226644657,0.212025358,0.225462174,0.226714132,0.256909336,0.260882723,0.250951042,0.231705089,0.206431691,0.22755125,0.213635066,0.244447338,0.23358074,0.250552186,0.224967669,0.221113607,0.217666114,0.260927092,0.25041607,0.265334653,0.266200277,0.206074991,0.239389561,0.218474091,0.216712618,0.231427474,0.222600029,0.224559955,0.237746021,0.229169778,0.250020632,0.241065805,0.247742075,0.250784195,0.215320218,0.233828402,0.220462321,0.232303896,0.25897107,0.238519333,0.208118609,0.257814699,0.241484089,0.244034739,0.227094411,0.251627406,0.239140108,0.25281321,0.26820112,0.263182268,0.240336945,0.239378624,0.214971643,0.246224814,0.207015774,0.238133685,0.221400972,0.218590287,0.240031459,0.244795491,0.257498618,0.221210561,0.222788429,0.222520095,0.249372077,0.236531485,0.209342938,0.278347638,0.233555843,0.24808965,0.246000659,0.236384221,0.238755679,0.228640068,0.222072926,0.260419496,0.199438533,0.246506523,0.218436585,0.217317747,0.22951943,0.241084707,0.249732762,0.240612434,0.229999638,0.221234363,0.21789345,0.24526333,0.232967854, 
34,0.243807019,0.217167164,0.198058142,0.237763763,0.200179578,0.243552921,0.237088745,0.246080697,0.225349665,0.267757013,0.216612926,0.256653119,0.208842349,0.264072629,0.232234173,0.251971126,0.22493549,0.227363125,0.236091822,0.220217556,0.232752667,0.23026643,0.225815444,0.262471452,0.234370077,0.222847167,0.235916207,0.241969711,0.219385966,0.237455014,0.232986441,0.210775249,0.222872309,0.207900168,0.25491819,0.250605175,0.237593607,0.24487656,0.224604964,0.243515021,0.214870751,0.226307804,0.259386917,0.238952529,0.236029094,0.173502398,0.220141831,0.229567933,0.230196357,0.226002934,0.23663013,0.212813228,0.240252476,0.224528906,0.236825066,0.202027486,0.212350202,0.219743077,0.258658726,0.269061116,0.224099167,0.238907556,0.254309473,0.256048235,0.257487571,0.220316579,0.188617615,0.244662439,0.198512063,0.211213914,0.266417476,0.188875754,0.229827877,0.235903638,0.255224977,0.254618892,0.260239675,0.265828951,0.240922027,0.232826534,0.238390052,0.22925678,0.256269297,0.250628381,0.241514107,0.268930987,0.193490226,0.241956168,0.236191997,0.21350831,0.217426077,0.223195755,0.252686687,0.231930921,0.25491616,0.216837588,0.22025167,0.219439666,0.238008155,0.228727721, 
35,0.21031546,0.219775649,0.210064237,0.25585154,0.209113946,0.181203032,0.216549496,0.230147955,0.20196888,0.237578594,0.217239022,0.24061293,0.262306029,0.241821841,0.224408495,0.240004655,0.235186272,0.246885965,0.23068493,0.238186932,0.207792474,0.22791487,0.207148046,0.22672621,0.19640641,0.189874407,0.24300586,0.245031959,0.249466873,0.27081551,0.225624577,0.249314725,0.211428753,0.226463118,0.228458938,0.22942633,0.23125194,0.173539045,0.251503687,0.204533069,0.219142234,0.22094457,0.212812062,0.226411395,0.245708807,0.195913367,0.223233484,0.236672533,0.198373725,0.231932143,0.25454301,0.249093053,0.2246398,0.222406705,0.242991687,0.231944591,0.26795418,0.214619247,0.209009965,0.26953685,0.219228884,0.263411892,0.213950304,0.236642255,0.233578011,0.184710503,0.251711754,0.249986886,0.251994217,0.265012031,0.266246705,0.204440476,0.211735442,0.241870662,0.268458449,0.249826623,0.244839902,0.256961065,0.230824814,0.238981407,0.256244282,0.218401989,0.188715256,0.257691295,0.241048951,0.237584103,0.245354951,0.253478427,0.194839014,0.234806168,0.237321342,0.252824658,0.261194576,0.272535702,0.226966212,0.241801484,0.277181112,0.255583313,0.253490499,0.230816182, 
36,0.247154742,0.210038878,0.192301214,0.219862268,0.221659467,0.241205329,0.226544572,0.222134007,0.245031978,0.220563115,0.22900944,0.262628224,0.254436015,0.214257257,0.260842689,0.1959444,0.269049166,0.26067854,0.266879239,0.22434314,0.237200922,0.20964266,0.226605757,0.202703001,0.240710405,0.22475133,0.249569617,0.263506486,0.182423303,0.228240589,0.216156112,0.229523644,0.217699215,0.2465203,0.246393459,0.22428858,0.236807483,0.22727901,0.244137861,0.231427455,0.263415785,0.22923645,0.2189473,0.218333706,0.216499196,0.180016823,0.236971614,0.21579791,0.275384125,0.228210934,0.228620895,0.22528672,0.211874003,0.25075318,0.215854857,0.213764877,0.230883346,0.203503077,0.24489,0.241158831,0.20027815,0.247354796,0.238386675,0.218459633,0.239522364,0.224973834,0.203119501,0.214823237,0.243666251,0.204512125,0.251416029,0.256563519,0.228124092,0.232694673,0.232248536,0.261865122,0.258929082,0.207094399,0.210904435,0.247363496,0.212737321,0.233886714,0.211650145,0.234472609,0.21212417,0.23686214,0.244044421,0.236742894,0.250517647,0.202209175,0.262852106,0.262304256,0.233189516,0.241636651,0.256710667,0.270067351,0.21747196,0.256948626,0.210112251,0.220214351, 
37,0.245944818,0.23717857,0.231043931,0.233553992,0.202255791,0.202896422,0.255534406,0.203420083,0.265676365,0.236547589,0.23797689,0.210381303,0.256419958,0.236885349,0.242583434,0.243998198,0.243685683,0.257606579,0.242165255,0.262918639,0.234031682,0.238609299,0.250745103,0.259839467,0.182495018,0.262260825,0.226855157,0.212255925,0.201797112,0.2125739,0.232329153,0.224918059,0.220790843,0.255041783,0.240119396,0.211505799,0.223411554,0.202695422,0.219502117,0.277575797,0.245372139,0.2216306,0.209456862,0.243688919,0.239854273,0.237752019,0.26813546,0.267206143,0.23557888,0.248644871,0.269467034,0.245264413,0.225994648,0.216096381,0.25175059,0.258209318,0.178339258,0.197248526,0.247105128,0.2001454,0.254972084,0.23336702,0.253016541,0.246359742,0.218196896,0.198745146,0.224498294,0.232523834,0.218597552,0.228907606,0.219414225,0.229373826,0.210189466,0.221058364,0.229609135,0.245197444,0.240587418,0.224270827,0.20998577,0.239772765,0.212624677,0.248711705,0.251565278,0.222623512,0.256346719,0.238582699,0.213317288,0.229615328,0.291115177,0.238248953,0.247361924,0.234520446,0.243570838,0.240185235,0.256468333,0.240583726,0.262681937,0.256743567,0.244838876,0.212095516, 
38,0.205799532,0.236037457,0.256083671,0.25072699,0.250023436,0.22484677,0.256248662,0.264500375,0.222471472,0.230033295,0.194053335,0.226475367,0.205608865,0.243106385,0.237855432,0.250066337,0.228269033,0.214535959,0.255365858,0.239808264,0.225922361,0.239229444,0.206972054,0.210257688,0.228115111,0.237544129,0.235878502,0.251953713,0.235959244,0.246841388,0.260644723,0.263034824,0.218832708,0.248327596,0.229546403,0.258043914,0.230591461,0.250578463,0.228008847,0.217877958,0.202538531,0.201379671,0.214986086,0.235370659,0.220434563,0.201688262,0.237399065,0.251348104,0.261914323,0.224361825,0.240317459,0.232378071,0.198085812,0.226013248,0.240635692,0.229000519,0.243212641,0.251370238,0.249503216,0.253143546,0.254292768,0.256016752,0.22095072,0.254609313,0.256314937,0.226915611,0.224639139,0.227164602,0.252733628,0.229021836,0.236713938,0.252869109,0.2196411,0.23108569,0.231862301,0.257178263,0.226110775,0.219050253,0.267075977,0.25819168,0.247424195,0.269161411,0.237550581,0.242320515,0.24977941,0.212255472,0.25258185,0.203516781,0.235983156,0.193571427,0.245894306,0.240230537,0.194722573,0.223981565,0.257503481,0.22364108,0.220034846,0.230993264,0.234643503,0.235671965, 
39,0.251279702,0.235356445,0.182372527,0.241228507,0.229168928,0.229976808,0.219833403,0.266366609,0.223766933,0.24622516,0.215250319,0.225889988,0.25094263,0.21474121,0.235743529,0.244173036,0.25117479,0.245879462,0.180028658,0.236813629,0.21737739,0.174096956,0.22000176,0.226455,0.185281689,0.256774579,0.26454556,0.258537569,0.248146518,0.220912862,0.21395343,0.222127077,0.225074069,0.255203295,0.225664859,0.209583282,0.223760142,0.208769364,0.216643116,0.238325378,0.269282669,0.226253906,0.265657961,0.208549101,0.254450611,0.242995146,0.207621811,0.219817439,0.235927032,0.201896264,0.240016171,0.2550845,0.245210081,0.229734428,0.214474785,0.222476213,0.215242814,0.247518946,0.230114145,0.230545506,0.238815377,0.182170444,0.215801765,0.21907089,0.260513319,0.244193484,0.223924109,0.264734508,0.207684217,0.229716132,0.235454769,0.225894808,0.247842543,0.226877576,0.243107778,0.228887073,0.214911279,0.203372612,0.209032525,0.248341128,0.258251401,0.226879428,0.241519465,0.223231894,0.206611027,0.24130664,0.211430828,0.234283785,0.202681678,0.230740319,0.201056836,0.264918364,0.25229107,0.283418562,0.244593332,0.264741492,0.233173555,0.238080078,0.22154821,0.249654163, 
40,0.224986348,0.210653244,0.248050872,0.212717831,0.21279106,0.249605453,0.259692513,0.222513695,0.243011339,0.213003967,0.237715668,0.23842769,0.240087106,0.265994971,0.234515582,0.238206459,0.244666187,0.219407721,0.238759945,0.242212027,0.230847464,0.265370838,0.23388608,0.199744183,0.23444277,0.259647175,0.233966431,0.234008208,0.186397944,0.238206267,0.248228019,0.249191308,0.231546659,0.242101828,0.240016262,0.244913716,0.24680016,0.229032949,0.230148474,0.213568867,0.207300197,0.2311991,0.195362283,0.232725906,0.224701422,0.200403486,0.289873936,0.253671968,0.220165273,0.194823146,0.231485679,0.233984059,0.199802164,0.225577424,0.225227767,0.254788365,0.255433159,0.242409081,0.251470607,0.261885488,0.229215819,0.230941065,0.226911777,0.238033484,0.216015882,0.211081622,0.253855072,0.245573409,0.222096728,0.234112451,0.196851411,0.26005837,0.258626919,0.257719472,0.253453739,0.259745187,0.215655496,0.252251992,0.228428722,0.239631305,0.236662446,0.186956944,0.210899527,0.266802369,0.227599892,0.268938912,0.22632748,0.216999707,0.232981358,0.197075411,0.248394,0.238505726,0.251523943,0.259243443,0.227349837,0.261654015,0.214169791,0.234750203,0.261271255,0.228393762, 
41,0.181280849,0.204142093,0.213326551,0.248739778,0.224050726,0.227735068,0.226687179,0.245066317,0.256992991,0.228964462,0.2774905,0.260324016,0.203806461,0.240250768,0.229592901,0.21966149,0.223749951,0.274828802,0.238524142,0.25061362,0.236004855,0.234285223,0.248926367,0.237434842,0.227058194,0.243869082,0.261674988,0.2168894,0.19420577,0.192554862,0.233045854,0.244266092,0.229679812,0.230494662,0.231949957,0.231798636,0.23030998,0.232381546,0.244303556,0.248187895,0.229367899,0.210158361,0.231105167,0.248899293,0.208143079,0.235814891,0.199547416,0.239547368,0.227847529,0.246888594,0.225574736,0.235356782,0.205594717,0.222737477,0.232711546,0.211232824,0.208780388,0.213662604,0.236010167,0.208693802,0.247834097,0.218848336,0.210982306,0.202291445,0.22511959,0.226952517,0.195180654,0.219985167,0.264668852,0.206851156,0.243194802,0.254987622,0.238476967,0.219283224,0.235524437,0.223630939,0.229523329,0.241488683,0.220918067,0.216209739,0.24116484,0.228065047,0.229942928,0.245370242,0.218706956,0.234106853,0.216033643,0.240613236,0.250348205,0.246277249,0.211332435,0.225302386,0.221566079,0.245720735,0.229586621,0.246782402,0.234943075,0.227374538,0.225203488,0.239097065, 
42,0.235623979,0.2193039,0.222519859,0.265135813,0.256029487,0.189375895,0.245299424,0.248924379,0.243666992,0.22437449,0.236380948,0.246522406,0.224613756,0.221763535,0.221786099,0.246725542,0.281160249,0.266364756,0.236274702,0.245648604,0.201422135,0.201935396,0.247464869,0.22848152,0.200980684,0.255884806,0.257032024,0.19966942,0.249314363,0.235668547,0.248955485,0.226169389,0.215886066,0.242259693,0.25815999,0.222832996,0.257114169,0.229506027,0.284365272,0.229248084,0.248590754,0.2174397,0.244718815,0.218581159,0.249677381,0.239365304,0.20569394,0.201357079,0.225869917,0.227586287,0.227387898,0.235402686,0.248602759,0.215554059,0.209630864,0.250274519,0.245626615,0.241761643,0.201871975,0.243084377,0.21711936,0.211608624,0.236089148,0.246783779,0.201548908,0.229148043,0.237215853,0.279347981,0.251667507,0.229202915,0.216920614,0.196372126,0.25350386,0.210052331,0.209336163,0.221913731,0.200743912,0.250508583,0.225001419,0.219238756,0.241570867,0.234842874,0.265732125,0.191892566,0.226069046,0.25218157,0.221678689,0.249495799,0.213514682,0.232682359,0.229022515,0.240677608,0.241768901,0.180386897,0.237235349,0.21407067,0.275140353,0.222377982,0.210630548,0.23916361, 
43,0.216640859,0.222481122,0.247233431,0.217117514,0.267673829,0.197117735,0.267763557,0.249587953,0.243700037,0.200694834,0.23700049,0.239688283,0.21401006,0.21634148,0.230217644,0.244023535,0.232881168,0.186211087,0.235631953,0.25068354,0.228509503,0.235241235,0.256317226,0.241883635,0.202110919,0.25372774,0.226348689,0.242609872,0.229720049,0.205576435,0.205841688,0.24315218,0.219812811,0.212867644,0.257333702,0.248999418,0.258758762,0.272662531,0.266358551,0.240952745,0.231459425,0.243370084,0.220024382,0.193757298,0.236726516,0.265805205,0.233005686,0.24461045,0.246751026,0.218181897,0.249773946,0.236559675,0.233313216,0.229066493,0.197007436,0.234097474,0.219873436,0.210881708,0.249405662,0.213084878,0.231757565,0.259676865,0.234150907,0.257635316,0.263001124,0.246314191,0.250736642,0.268148677,0.241899173,0.244938551,0.216084565,0.234025066,0.238420686,0.241364567,0.242371408,0.272876331,0.23549518,0.257459009,0.210030818,0.229976299,0.253582642,0.228507365,0.214206624,0.239816339,0.258570143,0.223916671,0.206521246,0.235143954,0.21104144,0.247518254,0.186536482,0.248216521,0.253409907,0.238899797,0.225595599,0.225626148,0.233913716,0.202977511,0.230515881,0.223741232, 
44,0.210625693,0.237840141,0.255330934,0.224108125,0.195448286,0.21303052,0.252983421,0.200925239,0.231900997,0.246413995,0.258427872,0.199763498,0.262972417,0.267496333,0.247886886,0.212626667,0.234033651,0.223192855,0.194219493,0.271475268,0.230810845,0.225426587,0.278898087,0.234412023,0.25177628,0.274888203,0.237467342,0.237162353,0.264291443,0.255342748,0.231795164,0.260538843,0.22437626,0.287586682,0.224070702,0.208252007,0.240790949,0.255829777,0.230286957,0.208824557,0.233481041,0.263737988,0.244600322,0.253349711,0.21666218,0.248586405,0.222100029,0.202363734,0.22658946,0.239548609,0.225468732,0.238528463,0.237194566,0.280402682,0.222910981,0.253869586,0.206306166,0.212915036,0.214730014,0.242162507,0.210107368,0.242677318,0.208310584,0.26176731,0.259326075,0.240899055,0.262637583,0.243943333,0.235810636,0.232735652,0.20994393,0.245807537,0.266999563,0.21602283,0.206243081,0.202663195,0.232849959,0.253122805,0.262484501,0.253481488,0.22601549,0.215391244,0.251310526,0.207005869,0.238367614,0.252654524,0.223461085,0.231154056,0.27987106,0.250260021,0.251965758,0.266880701,0.191356544,0.246063341,0.24256394,0.195641041,0.197825792,0.224485212,0.240935278,0.208889363, 
45,0.231666576,0.248104326,0.196471651,0.2062043,0.225558934,0.226650953,0.233065232,0.228484625,0.244487244,0.228954657,0.241378383,0.227096996,0.248338752,0.207244228,0.268933039,0.239394434,0.238314529,0.196725427,0.242723349,0.245076504,0.2434431,0.214035316,0.242742508,0.265482849,0.215668758,0.221231097,0.241878791,0.260101002,0.217053432,0.231426934,0.247497668,0.225838691,0.238610887,0.238178427,0.256373226,0.252204193,0.220710091,0.204024297,0.23869549,0.21976614,0.184649649,0.222594617,0.228483461,0.198160464,0.200600484,0.233208978,0.219144598,0.258707545,0.236943634,0.264109525,0.268878852,0.255987479,0.205410079,0.22924127,0.211866648,0.250503645,0.225754776,0.240924412,0.232307071,0.235288459,0.212073488,0.253986617,0.22599325,0.242321094,0.231666532,0.246019023,0.20881478,0.208959801,0.229539575,0.237615175,0.252248979,0.214587976,0.23318818,0.254739367,0.230440951,0.219208413,0.232451154,0.199866741,0.22140222,0.212287252,0.221656193,0.231464368,0.203167053,0.249692117,0.248059611,0.249220642,0.23620559,0.237926801,0.215173678,0.223161749,0.242317677,0.227025511,0.234906798,0.255258773,0.210845871,0.270278204,0.234121784,0.262919119,0.207913979,0.227281259, 
46,0.261683323,0.23317716,0.24772901,0.251317936,0.241898198,0.234475939,0.196304395,0.251769803,0.24582861,0.248943628,0.236335045,0.219127883,0.239668638,0.211639347,0.233446257,0.175974343,0.240710452,0.215433344,0.191091185,0.239208537,0.21412445,0.226460857,0.228663903,0.220615841,0.255909352,0.215307184,0.230091911,0.216051233,0.255102437,0.208563384,0.218819325,0.204378405,0.234071083,0.266353177,0.269053591,0.235320607,0.244608115,0.216585271,0.25266274,0.196664792,0.226890793,0.227423395,0.252177139,0.220249752,0.226396118,0.237668203,0.261734991,0.249163476,0.254265188,0.241857043,0.232973703,0.240005314,0.245823294,0.211766635,0.242658675,0.225684216,0.206347527,0.23849644,0.214113198,0.22215854,0.243945098,0.255104141,0.20405027,0.231171552,0.23800472,0.216844574,0.240265901,0.279715642,0.218322269,0.234870222,0.219463659,0.253349693,0.195528691,0.242824562,0.271893845,0.273844291,0.230771426,0.216861794,0.205816638,0.256792409,0.25920333,0.242136489,0.259761184,0.22198157,0.224044661,0.208531517,0.205700017,0.246373363,0.252128402,0.209640817,0.243537925,0.255019813,0.241072769,0.185111817,0.229956579,0.253361556,0.250042408,0.209676184,0.262908599,0.218296031, 
47,0.234343189,0.240055172,0.247551691,0.229937915,0.256502963,0.20190919,0.213911863,0.22045639,0.211651677,0.268852387,0.23689503,0.245498688,0.220543912,0.254607096,0.21501149,0.266287264,0.216772813,0.23496636,0.22206203,0.262088925,0.193971725,0.213332788,0.271353464,0.26542972,0.241750123,0.261687156,0.221766758,0.221527775,0.222853661,0.240289623,0.230073207,0.258008489,0.222907088,0.211382582,0.238269884,0.243162165,0.203195401,0.215353183,0.221459227,0.254797228,0.232191297,0.233139381,0.243752812,0.249581676,0.259571352,0.22139893,0.236824241,0.248954464,0.263697216,0.201850423,0.218133337,0.220432499,0.245692021,0.244005232,0.234327221,0.254370329,0.230911026,0.218850347,0.234915772,0.25095548,0.242376126,0.227914688,0.247889131,0.259829358,0.268683898,0.23190787,0.259321401,0.195314587,0.274365284,0.242006212,0.229558307,0.231326239,0.238171184,0.248369988,0.240449171,0.248600616,0.259637123,0.219832949,0.223865552,0.233211483,0.216061462,0.233637857,0.247472363,0.251821429,0.254908444,0.214191584,0.22885355,0.252507707,0.209954391,0.204708762,0.225448742,0.234792319,0.227826388,0.232922627,0.236702655,0.250919059,0.239518007,0.25782377,0.246539302,0.224126304, 
48,0.239738328,0.2384643,0.249251028,0.230889245,0.238537254,0.242108464,0.22463499,0.203376495,0.196656916,0.236501025,0.268585254,0.229957735,0.287175602,0.240234594,0.208645808,0.208749263,0.246801689,0.220952356,0.236558717,0.208552919,0.250998944,0.242616387,0.227339446,0.239883866,0.223752547,0.243804748,0.261775569,0.224810805,0.246703558,0.264498559,0.203424631,0.259016892,0.201681574,0.235441011,0.217201835,0.194434885,0.282262549,0.210314914,0.226564596,0.266248457,0.239764533,0.251031006,0.217299545,0.224389979,0.263073525,0.224705755,0.19253119,0.227873765,0.202793782,0.22473684,0.257985627,0.231209311,0.207812829,0.231608694,0.235135489,0.246148277,0.235443948,0.242388483,0.25897883,0.240222888,0.243876123,0.218778255,0.25896349,0.261967052,0.230895809,0.237708165,0.252133047,0.237319029,0.230430752,0.252924592,0.24487123,0.210842606,0.224786976,0.233350564,0.226544281,0.238452088,0.228659643,0.259668079,0.223668867,0.234679578,0.225420191,0.257324467,0.225914828,0.220664068,0.237187607,0.250020568,0.223122034,0.196916319,0.2467705,0.251541249,0.236720808,0.261095158,0.244209655,0.273135408,0.237880555,0.212270294,0.244733334,0.220454005,0.239836597,0.233641184, 
49,0.213895355,0.176584759,0.171982533,0.260072797,0.248338382,0.224371722,0.263472576,0.198859092,0.205653433,0.23964525,0.227495543,0.212057654,0.21578684,0.223122254,0.239015605,0.238208105,0.242804019,0.229077878,0.236288336,0.247202766,0.217576544,0.230291863,0.196205505,0.212116825,0.236267012,0.224710742,0.234956747,0.211877062,0.223342498,0.22973784,0.26142838,0.228631256,0.198798096,0.193402019,0.231568866,0.243881211,0.236076076,0.209105215,0.222638081,0.233372341,0.259550307,0.227211142,0.21439066,0.243167914,0.24483314,0.212252453,0.244171561,0.199658816,0.250134231,0.250086001,0.222328871,0.207042307,0.202113726,0.235440626,0.207826458,0.237288702,0.20897764,0.21360723,0.241983012,0.234053897,0.235576279,0.224186567,0.217125263,0.25793606,0.214943696,0.209035701,0.215951234,0.262784049,0.246421799,0.257347232,0.238635472,0.214682399,0.245908403,0.234186397,0.251841771,0.185220398,0.228855419,0.248553786,0.256147387,0.223630243,0.202248647,0.228197285,0.229794237,0.251384093,0.254234745,0.243834284,0.225049299,0.245040209,0.24944743,0.244543657,0.271194464,0.228483391,0.249868701,0.232007621,0.23668495,0.251174636,0.222966528,0.213940552,0.233571525,0.247440063, 
50,0.23030981,0.223345407,0.231760411,0.235365873,0.233219269,0.239337374,0.196071475,0.232060895,0.243380167,0.25050249,0.186842148,0.239036929,0.203361429,0.222607821,0.23375064,0.232527452,0.264855684,0.20975532,0.278309173,0.274433012,0.241407916,0.227751959,0.230073894,0.229423977,0.229496641,0.223410243,0.225131713,0.226604751,0.265464676,0.20138403,0.223784654,0.20469291,0.180272406,0.213623998,0.232426933,0.218602488,0.223846813,0.271215556,0.195532339,0.2329184,0.222886962,0.224174249,0.220732076,0.278347591,0.20752194,0.232601773,0.257793524,0.229984972,0.230616647,0.206530856,0.252963861,0.212566326,0.237424029,0.243098501,0.243167397,0.224193735,0.235769488,0.269843532,0.246276674,0.265305509,0.244305739,0.2332015,0.220127968,0.223456777,0.258063592,0.203358837,0.23173123,0.25237197,0.204444983,0.242813072,0.217598096,0.244746435,0.207292375,0.245687418,0.253224094,0.199245062,0.226055109,0.23836866,0.203315878,0.226214085,0.251223365,0.246240313,0.275962369,0.2397509,0.257190131,0.263853587,0.246081171,0.21565304,0.212367373,0.217828491,0.232839156,0.262443722,0.269756936,0.223600326,0.222778103,0.243901178,0.261047152,0.236295695,0.218265561,0.236978114, 
,,,,,,,,,,,,,,,,,,,,,,,,,,,,,,,,,,,,,,,,,,,,,,,,,,,,,,,,,,,,,,,,,,,,,,,,,,,,,,,,,,,,,,,,,,,,,,,,,,,,,
,,,,,,,,,,,,,,,,,,,,,,,,,,,,,,,,,,,,,,,,,,,,,,,,,,,,,,,,,,,,,,,,,,,,,,,,,,,,,,,,,,,,,,,,,,,,,,,,,,,,,
Time Difference,0,0.00001,0.00002,0.00003,0.00004,0.00005,0.00006,0.00007,0.00008,0.00009,0.0001,0.00011,0.00012,0.00013,0.00014,0.00015,0.00016,0.00017,0.00018,0.00019,0.0002,0.00021,0.00022,0.00023,0.00024,0.00025,0.00026,0.00027,0.00028,0.00029,0.0003,0.00031,0.00032,0.00033,0.00034,0.00035,0.00036,0.00037,0.00038,0.00039,0.0004,0.00041,0.00042,0.00043,0.00044,0.00045,0.00046,0.00047,0.00048,0.00049,0.0005,0.00051,0.00052,0.00053,0.00054,0.00055,0.00056,0.00057,0.00058,0.00059,0.0006,0.00061,0.00062,0.00063,0.00064,0.00065,0.00066,0.00067,0.00068,0.00069,0.0007,0.00071,0.00072,0.00073,0.00074,0.00075,0.00076,0.00077,0.00078,0.00079,0.0008,0.00081,0.00082,0.00083,0.00084,0.00085,0.00086,0.00087,0.00088,0.00089,0.0009,0.00091,0.00092,0.00093,0.00094,0.00095,0.00096,0.00097,0.00098,0.00099,
AVG:,0.230774337,0.231744134,0.228114616,0.23486828,0.232236215,0.231379032,0.233845727,0.232703296,0.231017509,0.237477947,0.23194534,0.230056754,0.236212689,0.234496492,0.231783728,0.232955572,0.238103743,0.232747754,0.233135841,0.235417526,0.227647042,0.227807431,0.234990605,0.230296418,0.229015971,0.232590182,0.234776898,0.230654943,0.231911919,0.234807048,0.231290676,0.231357757,0.228737022,0.239864451,0.233939631,0.228349016,0.23505094,0.227201028,0.231650897,0.232942112,0.228343458,0.232695565,0.234874699,0.227322567,0.230848988,0.227877112,0.230218618,0.231066234,0.231608905,0.232811815,0.235428517,0.235470619,0.230461861,0.232847368,0.234536306,0.233075319,0.228999456,0.231079606,0.235138754,0.237767002,0.23292083,0.236794447,0.229173952,0.23311043,0.235163686,0.229705809,0.230557543,0.230652857,0.229501175,0.23243485,0.229163784,0.23016804,0.23122612,0.234760151,0.234714362,0.232664831,0.235575879,0.235456993,0.23122033,0.235536165,0.231828948,0.231942277,0.231036767,0.23311755,0.236376399,0.229130199,0.233509951,0.23137376,0.2328583,0.230689418,0.234058675,0.239205073,0.236907477,0.234055748,0.234537448,0.232200911,0.23661619,0.230942523,0.231840467,0.230822246,
